cluster_origem,municipio_origem,lat_origem,lon_origem,cluster_destino,municipio_destino,lat_destino,lon_destino,mesmo_cluster,n_usuarios,n_viagens,dist_media_km,periodo_predominante
CAMPECHE,Florianópolis,-27.68,-48.48,UFSC,Florianópolis,-27.5969,-48.55,0,7265,7609,11.53,TARDE
UFSC,Florianópolis,-27.5969,-48.55,CBD_BEIRAMAR,Florianópolis,-27.5954,-48.548,0,10520,11205,0.258,TARDE
CBD_BEIRAMAR,Florianópolis,-27.5954,-48.548,LAGOA_CONCEICAO,Florianópolis,-27.605,-48.46,0,15292,16708,8.737,TARDE
CAMPECHE,Florianópolis,-27.68,-48.48,TRINDADE,Florianópolis,-27.6011,-48.532,0,11054,11820,10.159,TARDE
TRINDADE,Florianópolis,-27.6011,-48.532,BIGUACU_BR101_NORTE,Biguaçu,-27.495,-48.655,0,6066,6309,16.918,TARDE
BIGUACU_BR101_NORTE,Biguaçu,-27.495,-48.655,SAO_JOSE_KOBRASOL,São José,-27.595,-48.63,0,6308,6567,11.389,TARDE
SAO_JOSE_KOBRASOL,São José,-27.595,-48.63,ESTREITO_CAPOEIRAS,Florianópolis,-27.588,-48.585,0,17662,19549,4.502,TARDE
ESTREITO_CAPOEIRAS,Florianópolis,-27.588,-48.585,INGLESES,Florianópolis,-27.435,-48.395,0,15147,16638,25.309,TARDE
INGLESES,Florianópolis,-27.435,-48.395,TRINDADE,Florianópolis,-27.6011,-48.532,0,9683,10302,22.883,TARDE
TRINDADE,Florianópolis,-27.6011,-48.532,JURERE,Florianópolis,-27.44,-48.5,0,7499,7906,18.189,TARDE
SC401_CORREDOR,Florianópolis,-27.56,-48.518,SAO_JOSE_CENTRO,São José,-27.61,-48.618,0,6229,6532,11.316,TARDE
SAO_JOSE_CENTRO,São José,-27.61,-48.618,INGLESES,Florianópolis,-27.435,-48.395,0,3908,4032,29.364,TARDE
INGLESES,Florianópolis,-27.435,-48.395,AEROPORTO_HLZ,Florianópolis,-27.67,-48.547,0,7537,7948,30.122,TARDE
AEROPORTO_HLZ,Florianópolis,-27.67,-48.547,CAMPECHE,Florianópolis,-27.68,-48.48,0,8592,9076,6.691,TARDE
INGLESES,Florianópolis,-27.435,-48.395,SAO_JOSE_ROÇADO,,0.0,0.0,0,8721,9260,0.0,TARDE
SAO_JOSE_ROÇADO,,0.0,0.0,SAO_JOSE_KOBRASOL,São José,-27.595,-48.63,0,10704,11512,0.0,TARDE
SAO_JOSE_KOBRASOL,São José,-27.595,-48.63,CAMPECHE,Florianópolis,-27.68,-48.48,0,12311,13276,17.54,TARDE
CAMPECHE,Florianópolis,-27.68,-48.48,BIGUACU_BR101_NORTE,Biguaçu,-27.495,-48.655,0,6152,6405,26.844,TARDE
BIGUACU_BR101_NORTE,Biguaçu,-27.495,-48.655,SC401_CORREDOR,Florianópolis,-27.56,-48.518,0,7536,7887,15.321,TARDE
CBD_BEIRAMAR,Florianópolis,-27.5954,-48.548,RESIDENCIAL_NORTE,Florianópolis,-27.542,-48.5,0,13441,14584,7.592,TARDE
RESIDENCIAL_NORTE,Florianópolis,-27.542,-48.5,INGLESES,Florianópolis,-27.435,-48.395,0,7579,7987,15.774,TARDE
INGLESES,Florianópolis,-27.435,-48.395,LAGOA_CONCEICAO,Florianópolis,-27.605,-48.46,0,8722,9231,19.96,TARDE
LAGOA_CONCEICAO,Florianópolis,-27.605,-48.46,AEROPORTO_HLZ,Florianópolis,-27.67,-48.547,0,7656,8112,11.211,TARDE
AEROPORTO_HLZ,Florianópolis,-27.67,-48.547,SAO_JOSE_CENTRO,São José,-27.61,-48.618,0,3645,3767,9.666,TARDE
PALHOCA_PEDRA_BRANCA,Palhoça,-27.625,-48.69,ESTREITO_CAPOEIRAS,Florianópolis,-27.588,-48.585,0,4437,4600,11.134,TARDE
ESTREITO_CAPOEIRAS,Florianópolis,-27.588,-48.585,COQUEIROS,Florianópolis,-27.582,-48.57,0,2582,2662,1.622,TARDE
SC401_CORREDOR,Florianópolis,-27.56,-48.518,TRINDADE,Florianópolis,-27.6011,-48.532,0,14430,15714,4.774,TARDE
TRINDADE,Florianópolis,-27.6011,-48.532,SAO_JOSE_KOBRASOL,São José,-27.595,-48.63,0,12113,13024,9.681,TARDE
SAO_JOSE_KOBRASOL,São José,-27.595,-48.63,CANASVIEIRAS,Florianópolis,-27.425,-48.47,0,5113,5339,24.624,TARDE
CANASVIEIRAS,Florianópolis,-27.425,-48.47,SAO_JOSE_ROÇADO,,0.0,0.0,0,3898,4022,0.0,TARDE
TRINDADE,Florianópolis,-27.6011,-48.532,INGLESES,Florianópolis,-27.435,-48.395,0,9887,10554,22.883,TARDE
INGLESES,Florianópolis,-27.435,-48.395,SC401_CORREDOR,Florianópolis,-27.56,-48.518,0,12628,13600,18.449,TARDE
SC401_CORREDOR,Florianópolis,-27.56,-48.518,JURERE,Florianópolis,-27.44,-48.5,0,9843,10503,13.461,TARDE
JURERE,Florianópolis,-27.44,-48.5,CAMPECHE,Florianópolis,-27.68,-48.48,0,7001,7333,26.76,TARDE
CAMPECHE,Florianópolis,-27.68,-48.48,LAGOA_CONCEICAO,Florianópolis,-27.605,-48.46,0,9850,10536,8.569,TARDE
JURERE,Florianópolis,-27.44,-48.5,NORTE_ILHA,Florianópolis,-27.48,-48.45,0,6421,6702,6.642,TARDE
NORTE_ILHA,Florianópolis,-27.48,-48.45,COQUEIROS,Florianópolis,-27.582,-48.57,0,1461,1492,16.39,TARDE
COQUEIROS,Florianópolis,-27.582,-48.57,SAO_JOSE_ROÇADO,,0.0,0.0,0,1333,1357,0.0,TARDE
NORTE_ILHA,Florianópolis,-27.48,-48.45,CBD_BEIRAMAR,Florianópolis,-27.5954,-48.548,0,14359,15600,16.063,TARDE
SAO_JOSE_KOBRASOL,São José,-27.595,-48.63,SAO_JOSE_CENTRO,São José,-27.61,-48.618,0,5146,5349,2.045,TARDE
SAO_JOSE_CENTRO,São José,-27.61,-48.618,UFSC,Florianópolis,-27.5969,-48.55,0,2859,2934,6.857,TARDE
UFSC,Florianópolis,-27.5969,-48.55,LAGOA_CONCEICAO,Florianópolis,-27.605,-48.46,0,6411,6687,8.914,TARDE
LAGOA_CONCEICAO,Florianópolis,-27.605,-48.46,SAO_JOSE_CENTRO,São José,-27.61,-48.618,0,4239,4393,15.578,TARDE
SAO_JOSE_CENTRO,São José,-27.61,-48.618,NORTE_ILHA,Florianópolis,-27.48,-48.45,0,3843,3961,21.984,TARDE
VIA_EXPRESSA_CORREDOR,Florianópolis,-27.62,-48.58,TRINDADE,Florianópolis,-27.6011,-48.532,0,5786,6040,5.175,TARDE
TRINDADE,Florianópolis,-27.6011,-48.532,LAGOA_CONCEICAO,Florianópolis,-27.605,-48.46,0,9681,10315,7.108,TARDE
SAO_JOSE_KOBRASOL,São José,-27.595,-48.63,NORTE_ILHA,Florianópolis,-27.48,-48.45,0,11064,11796,21.874,TARDE
NORTE_ILHA,Florianópolis,-27.48,-48.45,CANASVIEIRAS,Florianópolis,-27.425,-48.47,0,4045,4174,6.426,TARDE
CBD_BEIRAMAR,Florianópolis,-27.5954,-48.548,UFSC,Florianópolis,-27.5969,-48.55,0,11399,12229,0.258,TARDE
TRINDADE,Florianópolis,-27.6011,-48.532,NORTE_ILHA,Florianópolis,-27.48,-48.45,0,9853,10492,15.706,TARDE
NORTE_ILHA,Florianópolis,-27.48,-48.45,INGLESES,Florianópolis,-27.435,-48.395,0,8597,9129,7.382,TARDE
SC401_CORREDOR,Florianópolis,-27.56,-48.518,BIGUACU_BR101_NORTE,Biguaçu,-27.495,-48.655,0,7979,8392,15.321,TARDE
BIGUACU_BR101_NORTE,Biguaçu,-27.495,-48.655,ESTREITO_CAPOEIRAS,Florianópolis,-27.588,-48.585,0,8507,8994,12.433,TARDE
ESTREITO_CAPOEIRAS,Florianópolis,-27.588,-48.585,UFSC,Florianópolis,-27.5969,-48.55,0,11413,12206,3.588,TARDE
SAO_JOSE_KOBRASOL,São José,-27.595,-48.63,SC401_CORREDOR,Florianópolis,-27.56,-48.518,0,15886,17368,11.705,TARDE
SC401_CORREDOR,Florianópolis,-27.56,-48.518,CAMPECHE,Florianópolis,-27.68,-48.48,0,14668,16048,13.859,TARDE
CAMPECHE,Florianópolis,-27.68,-48.48,CANASVIEIRAS,Florianópolis,-27.425,-48.47,0,4708,4891,28.372,TARDE
CANASVIEIRAS,Florianópolis,-27.425,-48.47,RESIDENCIAL_NORTE,Florianópolis,-27.542,-48.5,0,3331,3444,13.342,TARDE
TRINDADE,Florianópolis,-27.6011,-48.532,SC401_CORREDOR,Florianópolis,-27.56,-48.518,0,14301,15578,4.774,TARDE
SC401_CORREDOR,Florianópolis,-27.56,-48.518,NORTE_ILHA,Florianópolis,-27.48,-48.45,0,13309,14486,11.14,TARDE
NORTE_ILHA,Florianópolis,-27.48,-48.45,SAO_JOSE_KOBRASOL,São José,-27.595,-48.63,0,10958,11697,21.874,TARDE
CANASVIEIRAS,Florianópolis,-27.425,-48.47,BIGUACU_BR101_NORTE,Biguaçu,-27.495,-48.655,0,2297,2358,19.844,TARDE
ESTREITO_CAPOEIRAS,Florianópolis,-27.588,-48.585,VIA_EXPRESSA_CORREDOR,Florianópolis,-27.62,-48.58,0,9424,9991,3.592,TARDE
SC401_CORREDOR,Florianópolis,-27.56,-48.518,SAO_JOSE_KOBRASOL,São José,-27.595,-48.63,0,16124,17760,11.705,TARDE
ESTREITO_CAPOEIRAS,Florianópolis,-27.588,-48.585,TRINDADE,Florianópolis,-27.6011,-48.532,0,16858,18644,5.422,TARDE
NORTE_ILHA,Florianópolis,-27.48,-48.45,CAMPECHE,Florianópolis,-27.68,-48.48,0,9734,10404,22.435,TARDE
CAMPECHE,Florianópolis,-27.68,-48.48,SAO_JOSE_CENTRO,São José,-27.61,-48.618,0,4783,4974,15.664,TARDE
JURERE,Florianópolis,-27.44,-48.5,CBD_BEIRAMAR,Florianópolis,-27.5954,-48.548,0,10429,11128,17.916,TARDE
CBD_BEIRAMAR,Florianópolis,-27.5954,-48.548,SC401_CORREDOR,Florianópolis,-27.56,-48.518,0,21770,24631,4.923,TARDE
SAO_JOSE_KOBRASOL,São José,-27.595,-48.63,INGLESES,Florianópolis,-27.435,-48.395,0,10932,11697,29.217,TARDE
INGLESES,Florianópolis,-27.435,-48.395,CBD_BEIRAMAR,Florianópolis,-27.5954,-48.548,0,14261,15496,23.362,TARDE
CBD_BEIRAMAR,Florianópolis,-27.5954,-48.548,SAO_JOSE_CENTRO,São José,-27.61,-48.618,0,7106,7502,7.086,TARDE
SAO_JOSE_CENTRO,São José,-27.61,-48.618,RESIDENCIAL_NORTE,Florianópolis,-27.542,-48.5,0,3399,3528,13.872,TARDE
TRINDADE,Florianópolis,-27.6011,-48.532,PALHOCA_CENTRO,Palhoça,-27.645,-48.67,0,1601,1636,14.446,TARDE
PALHOCA_CENTRO,Palhoça,-27.645,-48.67,CAMPECHE,Florianópolis,-27.68,-48.48,0,1506,1545,19.113,TARDE
CAMPECHE,Florianópolis,-27.68,-48.48,ESTREITO_CAPOEIRAS,Florianópolis,-27.588,-48.585,0,15957,17522,14.548,TARDE
ESTREITO_CAPOEIRAS,Florianópolis,-27.588,-48.585,SC401_CORREDOR,Florianópolis,-27.56,-48.518,0,21541,24306,7.301,TARDE
SC401_CORREDOR,Florianópolis,-27.56,-48.518,CBD_BEIRAMAR,Florianópolis,-27.5954,-48.548,0,21359,24097,4.923,TARDE
JURERE,Florianópolis,-27.44,-48.5,AEROPORTO_HLZ,Florianópolis,-27.67,-48.547,0,5530,5759,25.991,TARDE
AEROPORTO_HLZ,Florianópolis,-27.67,-48.547,ESTREITO_CAPOEIRAS,Florianópolis,-27.588,-48.585,0,12364,13288,9.857,TARDE
ESTREITO_CAPOEIRAS,Florianópolis,-27.588,-48.585,SAO_JOSE_KOBRASOL,São José,-27.595,-48.63,0,18784,20940,4.502,TARDE
CBD_BEIRAMAR,Florianópolis,-27.5954,-48.548,CAMPECHE,Florianópolis,-27.68,-48.48,0,17064,18842,11.548,TARDE
CAMPECHE,Florianópolis,-27.68,-48.48,SC401_CORREDOR,Florianópolis,-27.56,-48.518,0,14274,15578,13.859,TARDE
SC401_CORREDOR,Florianópolis,-27.56,-48.518,UFSC,Florianópolis,-27.5969,-48.55,0,10010,10651,5.175,TARDE
UFSC,Florianópolis,-27.5969,-48.55,SAO_JOSE_KOBRASOL,São José,-27.595,-48.63,0,7753,8210,7.886,TARDE
TRINDADE,Florianópolis,-27.6011,-48.532,ESTREITO_CAPOEIRAS,Florianópolis,-27.588,-48.585,0,15980,17482,5.422,TARDE
ESTREITO_CAPOEIRAS,Florianópolis,-27.588,-48.585,RESIDENCIAL_NORTE,Florianópolis,-27.542,-48.5,0,13323,14443,9.817,TARDE
RESIDENCIAL_NORTE,Florianópolis,-27.542,-48.5,SC401_CORREDOR,Florianópolis,-27.56,-48.518,0,10827,11605,2.675,TARDE
SC401_CORREDOR,Florianópolis,-27.56,-48.518,LAGOA_CONCEICAO,Florianópolis,-27.605,-48.46,0,13111,14239,7.597,TARDE
LAGOA_CONCEICAO,Florianópolis,-27.605,-48.46,CBD_BEIRAMAR,Florianópolis,-27.5954,-48.548,0,14026,15184,8.737,TARDE
SC401_CORREDOR,Florianópolis,-27.56,-48.518,INGLESES,Florianópolis,-27.435,-48.395,0,13248,14328,18.449,TARDE
CANASVIEIRAS,Florianópolis,-27.425,-48.47,NORTE_ILHA,Florianópolis,-27.48,-48.45,0,3915,4036,6.426,TARDE
INGLESES,Florianópolis,-27.435,-48.395,CAMPECHE,Florianópolis,-27.68,-48.48,0,9736,10411,28.502,TARDE
AEROPORTO_HLZ,Florianópolis,-27.67,-48.547,CANASVIEIRAS,Florianópolis,-27.425,-48.47,0,3568,3689,28.281,TARDE
CANASVIEIRAS,Florianópolis,-27.425,-48.47,SC401_CORREDOR,Florianópolis,-27.56,-48.518,0,5724,5983,15.74,TARDE
SAO_JOSE_CENTRO,São José,-27.61,-48.618,TRINDADE,Florianópolis,-27.6011,-48.532,0,4433,4586,8.532,TARDE
COQUEIROS,Florianópolis,-27.582,-48.57,LAGOA_CONCEICAO,Florianópolis,-27.605,-48.46,0,1322,1344,11.138,TARDE
LAGOA_CONCEICAO,Florianópolis,-27.605,-48.46,JURERE,Florianópolis,-27.44,-48.5,0,6426,6710,18.766,TARDE
CBD_BEIRAMAR,Florianópolis,-27.5954,-48.548,AEROPORTO_HLZ,Florianópolis,-27.67,-48.547,0,13269,14428,8.296,TARDE
TRINDADE,Florianópolis,-27.6011,-48.532,VIA_EXPRESSA_CORREDOR,Florianópolis,-27.62,-48.58,0,6009,6271,5.175,TARDE
VIA_EXPRESSA_CORREDOR,Florianópolis,-27.62,-48.58,SC401_CORREDOR,Florianópolis,-27.56,-48.518,0,7356,7733,9.047,TARDE
SAO_JOSE_CENTRO,São José,-27.61,-48.618,CBD_BEIRAMAR,Florianópolis,-27.5954,-48.548,0,6388,6693,7.086,TARDE
CBD_BEIRAMAR,Florianópolis,-27.5954,-48.548,SAO_JOSE_KOBRASOL,São José,-27.595,-48.63,0,18520,20593,8.081,TARDE
ESTREITO_CAPOEIRAS,Florianópolis,-27.588,-48.585,CENTRO_HISTORICO,Florianópolis,-27.597,-48.5482,0,2574,2636,3.762,TARDE
CENTRO_HISTORICO,Florianópolis,-27.597,-48.5482,LAGOA_CONCEICAO,Florianópolis,-27.605,-48.46,0,1293,1319,8.737,TARDE
ESTREITO_CAPOEIRAS,Florianópolis,-27.588,-48.585,LAGOA_CONCEICAO,Florianópolis,-27.605,-48.46,0,15198,16713,12.462,TARDE
LAGOA_CONCEICAO,Florianópolis,-27.605,-48.46,SAO_JOSE_BARREIROS,São José,-27.645,-48.65,0,1376,1414,19.24,TARDE
CANASVIEIRAS,Florianópolis,-27.425,-48.47,UFSC,Florianópolis,-27.5969,-48.55,0,2906,3013,20.679,TARDE
AEROPORTO_HLZ,Florianópolis,-27.67,-48.547,UFSC,Florianópolis,-27.5969,-48.55,0,5665,5910,8.134,TARDE
RESIDENCIAL_NORTE,Florianópolis,-27.542,-48.5,SAO_JOSE_ROÇADO,,0.0,0.0,0,7669,8084,0.0,TARDE
SAO_JOSE_KOBRASOL,São José,-27.595,-48.63,LAGOA_CONCEICAO,Florianópolis,-27.605,-48.46,0,11050,11818,16.789,TARDE
JURERE,Florianópolis,-27.44,-48.5,VIA_EXPRESSA_CORREDOR,Florianópolis,-27.62,-48.58,0,3948,4070,21.513,TARDE
VIA_EXPRESSA_CORREDOR,Florianópolis,-27.62,-48.58,CAMPECHE,Florianópolis,-27.68,-48.48,0,5879,6146,11.897,TARDE
ESTREITO_CAPOEIRAS,Florianópolis,-27.588,-48.585,PALHOCA_CENTRO,Palhoça,-27.645,-48.67,0,2555,2611,10.503,TARDE
CBD_BEIRAMAR,Florianópolis,-27.5954,-48.548,CANASVIEIRAS,Florianópolis,-27.425,-48.47,0,7012,7338,20.45,TARDE
VIA_EXPRESSA_CORREDOR,Florianópolis,-27.62,-48.58,AEROPORTO_HLZ,Florianópolis,-27.67,-48.547,0,4584,4765,6.44,TARDE
LAGOA_CONCEICAO,Florianópolis,-27.605,-48.46,CANASVIEIRAS,Florianópolis,-27.425,-48.47,0,4085,4225,20.039,TARDE
PALHOCA_PEDRA_BRANCA,Palhoça,-27.625,-48.69,LAGOA_CONCEICAO,Florianópolis,-27.605,-48.46,0,2590,2662,22.77,TARDE
LAGOA_CONCEICAO,Florianópolis,-27.605,-48.46,CAMPECHE,Florianópolis,-27.68,-48.48,0,9866,10528,8.569,TARDE
CANASVIEIRAS,Florianópolis,-27.425,-48.47,CBD_BEIRAMAR,Florianópolis,-27.5954,-48.548,0,6417,6716,20.45,TARDE
SAO_JOSE_KOBRASOL,São José,-27.595,-48.63,VIA_EXPRESSA_CORREDOR,Florianópolis,-27.62,-48.58,0,6825,7131,5.657,TARDE
VIA_EXPRESSA_CORREDOR,Florianópolis,-27.62,-48.58,SAO_JOSE_BARREIROS,São José,-27.645,-48.65,0,868,878,7.435,TARDE
ESTREITO_CAPOEIRAS,Florianópolis,-27.588,-48.585,CAMPECHE,Florianópolis,-27.68,-48.48,0,16916,18687,14.548,TARDE
CBD_BEIRAMAR,Florianópolis,-27.5954,-48.548,SAO_JOSE_BARREIROS,São José,-27.645,-48.65,0,2535,2633,11.463,TARDE
CBD_BEIRAMAR,Florianópolis,-27.5954,-48.548,TRINDADE,Florianópolis,-27.6011,-48.532,0,16917,18672,1.699,TARDE
CBD_BEIRAMAR,Florianópolis,-27.5954,-48.548,INGLESES,Florianópolis,-27.435,-48.395,0,15170,16628,23.362,TARDE
INGLESES,Florianópolis,-27.435,-48.395,ESTREITO_CAPOEIRAS,Florianópolis,-27.588,-48.585,0,14260,15481,25.309,TARDE
INGLESES,Florianópolis,-27.435,-48.395,BIGUACU_BR101_NORTE,Biguaçu,-27.495,-48.655,0,5271,5475,26.506,TARDE
SC401_CORREDOR,Florianópolis,-27.56,-48.518,SAO_JOSE_ROÇADO,,0.0,0.0,0,13155,14235,0.0,TARDE
BIGUACU_BR101_NORTE,Biguaçu,-27.495,-48.655,VIA_EXPRESSA_CORREDOR,Florianópolis,-27.62,-48.58,0,3139,3236,15.743,TARDE
AEROPORTO_HLZ,Florianópolis,-27.67,-48.547,CBD_BEIRAMAR,Florianópolis,-27.5954,-48.548,0,12419,13375,8.296,TARDE
CAMPECHE,Florianópolis,-27.68,-48.48,CBD_BEIRAMAR,Florianópolis,-27.5954,-48.548,0,15862,17438,11.548,TARDE
CAMPECHE,Florianópolis,-27.68,-48.48,AEROPORTO_HLZ,Florianópolis,-27.67,-48.547,0,8673,9216,6.691,TARDE
COQUEIROS,Florianópolis,-27.582,-48.57,CBD_BEIRAMAR,Florianópolis,-27.5954,-48.548,0,2175,2220,2.631,TARDE
NORTE_ILHA,Florianópolis,-27.48,-48.45,TRINDADE,Florianópolis,-27.6011,-48.532,0,9792,10462,15.706,TARDE
INGLESES,Florianópolis,-27.435,-48.395,SAO_JOSE_KOBRASOL,São José,-27.595,-48.63,0,10641,11360,29.217,TARDE
CAMPECHE,Florianópolis,-27.68,-48.48,NORTE_ILHA,Florianópolis,-27.48,-48.45,0,9879,10536,22.435,TARDE
SC401_CORREDOR,Florianópolis,-27.56,-48.518,ESTREITO_CAPOEIRAS,Florianópolis,-27.588,-48.585,0,21376,23946,7.301,TARDE
ESTREITO_CAPOEIRAS,Florianópolis,-27.588,-48.585,AEROPORTO_HLZ,Florianópolis,-27.67,-48.547,0,13377,14461,9.857,TARDE
CAMPECHE,Florianópolis,-27.68,-48.48,RESIDENCIAL_NORTE,Florianópolis,-27.542,-48.5,0,8643,9135,15.471,TARDE
RESIDENCIAL_NORTE,Florianópolis,-27.542,-48.5,ESTREITO_CAPOEIRAS,Florianópolis,-27.588,-48.585,0,12281,13212,9.817,TARDE
AEROPORTO_HLZ,Florianópolis,-27.67,-48.547,SAO_JOSE_ROÇADO,,0.0,0.0,0,7615,8023,0.0,TARDE
SAO_JOSE_ROÇADO,,0.0,0.0,LAGOA_CONCEICAO,Florianópolis,-27.605,-48.46,0,8689,9220,0.0,TARDE
LAGOA_CONCEICAO,Florianópolis,-27.605,-48.46,ESTREITO_CAPOEIRAS,Florianópolis,-27.588,-48.585,0,14225,15479,12.462,TARDE
SAO_JOSE_KOBRASOL,São José,-27.595,-48.63,SAO_JOSE_BARREIROS,São José,-27.645,-48.65,0,1781,1821,5.899,TARDE
SAO_JOSE_BARREIROS,São José,-27.645,-48.65,NORTE_ILHA,Florianópolis,-27.48,-48.45,0,1364,1392,26.931,TARDE
CAMPECHE,Florianópolis,-27.68,-48.48,SAO_JOSE_KOBRASOL,São José,-27.595,-48.63,0,12295,13279,17.54,TARDE
SAO_JOSE_KOBRASOL,São José,-27.595,-48.63,TRINDADE,Florianópolis,-27.6011,-48.532,0,12167,13123,9.681,TARDE
LAGOA_CONCEICAO,Florianópolis,-27.605,-48.46,SAO_JOSE_KOBRASOL,São José,-27.595,-48.63,0,10742,11535,16.789,TARDE
SAO_JOSE_KOBRASOL,São José,-27.595,-48.63,AEROPORTO_HLZ,Florianópolis,-27.67,-48.547,0,9852,10479,11.679,TARDE
UFSC,Florianópolis,-27.5969,-48.55,TRINDADE,Florianópolis,-27.6011,-48.532,0,7124,7459,1.834,TARDE
VIA_EXPRESSA_CORREDOR,Florianópolis,-27.62,-48.58,CBD_BEIRAMAR,Florianópolis,-27.5954,-48.548,0,8548,9023,4.174,TARDE
SAO_JOSE_ROÇADO,,0.0,0.0,CAMPECHE,Florianópolis,-27.68,-48.48,0,9708,10314,0.0,TARDE
TRINDADE,Florianópolis,-27.6011,-48.532,UFSC,Florianópolis,-27.5969,-48.55,0,7310,7703,1.834,TARDE
CBD_BEIRAMAR,Florianópolis,-27.5954,-48.548,NORTE_ILHA,Florianópolis,-27.48,-48.45,0,15178,16624,16.063,TARDE
TRINDADE,Florianópolis,-27.6011,-48.532,CBD_BEIRAMAR,Florianópolis,-27.5954,-48.548,0,15942,17583,1.699,TARDE
CBD_BEIRAMAR,Florianópolis,-27.5954,-48.548,VIA_EXPRESSA_CORREDOR,Florianópolis,-27.62,-48.58,0,9254,9861,4.174,TARDE
CBD_BEIRAMAR,Florianópolis,-27.5954,-48.548,SAO_JOSE_ROÇADO,,0.0,0.0,0,15194,16627,0.0,TARDE
RESIDENCIAL_NORTE,Florianópolis,-27.542,-48.5,SAO_JOSE_KOBRASOL,São José,-27.595,-48.63,0,9299,9909,14.104,TARDE
INGLESES,Florianópolis,-27.435,-48.395,COQUEIROS,Florianópolis,-27.582,-48.57,0,1425,1467,23.771,TARDE
SAO_JOSE_ROÇADO,,0.0,0.0,TRINDADE,Florianópolis,-27.6011,-48.532,0,9734,10343,0.0,TARDE
TRINDADE,Florianópolis,-27.6011,-48.532,AEROPORTO_HLZ,Florianópolis,-27.67,-48.547,0,8678,9220,7.803,TARDE
ESTREITO_CAPOEIRAS,Florianópolis,-27.588,-48.585,NORTE_ILHA,Florianópolis,-27.48,-48.45,0,15356,16771,17.928,TARDE
LAGOA_CONCEICAO,Florianópolis,-27.605,-48.46,NORTE_ILHA,Florianópolis,-27.48,-48.45,0,8879,9406,13.934,TARDE
NORTE_ILHA,Florianópolis,-27.48,-48.45,LAGOA_CONCEICAO,Florianópolis,-27.605,-48.46,0,8856,9389,13.934,TARDE
BIGUACU_BR101_NORTE,Biguaçu,-27.495,-48.655,NORTE_ILHA,Florianópolis,-27.48,-48.45,0,5157,5350,20.29,TARDE
NORTE_ILHA,Florianópolis,-27.48,-48.45,UFSC,Florianópolis,-27.5969,-48.55,0,6478,6785,16.315,TARDE
UFSC,Florianópolis,-27.5969,-48.55,JURERE,Florianópolis,-27.44,-48.5,0,4808,4978,18.13,TARDE
JURERE,Florianópolis,-27.44,-48.5,TRINDADE,Florianópolis,-27.6011,-48.532,0,7194,7508,18.189,TARDE
TRINDADE,Florianópolis,-27.6011,-48.532,SAO_JOSE_ROÇADO,,0.0,0.0,0,9833,10478,0.0,TARDE
SAO_JOSE_ROÇADO,,0.0,0.0,SC401_CORREDOR,Florianópolis,-27.56,-48.518,0,12608,13612,0.0,TARDE
SAO_JOSE_ROÇADO,,0.0,0.0,INGLESES,Florianópolis,-27.435,-48.395,0,8776,9295,0.0,TARDE
INGLESES,Florianópolis,-27.435,-48.395,CANASVIEIRAS,Florianópolis,-27.425,-48.47,0,4214,4342,7.485,TARDE
NORTE_ILHA,Florianópolis,-27.48,-48.45,SC401_CORREDOR,Florianópolis,-27.56,-48.518,0,12601,13681,11.14,TARDE
UFSC,Florianópolis,-27.5969,-48.55,INGLESES,Florianópolis,-27.435,-48.395,0,6356,6645,23.616,TARDE
SAO_JOSE_BARREIROS,São José,-27.645,-48.65,CAMPECHE,Florianópolis,-27.68,-48.48,0,1517,1548,17.189,TARDE
CANASVIEIRAS,Florianópolis,-27.425,-48.47,JURERE,Florianópolis,-27.44,-48.5,0,2875,2962,3.398,TARDE
ESTREITO_CAPOEIRAS,Florianópolis,-27.588,-48.585,SAO_JOSE_ROÇADO,,0.0,0.0,0,14956,16417,0.0,TARDE
SAO_JOSE_ROÇADO,,0.0,0.0,AEROPORTO_HLZ,Florianópolis,-27.67,-48.547,0,7801,8216,0.0,TARDE
AEROPORTO_HLZ,Florianópolis,-27.67,-48.547,JURERE,Florianópolis,-27.44,-48.5,0,5584,5821,25.991,TARDE
CBD_BEIRAMAR,Florianópolis,-27.5954,-48.548,ESTREITO_CAPOEIRAS,Florianópolis,-27.588,-48.585,0,24495,28098,3.738,TARDE
UFSC,Florianópolis,-27.5969,-48.55,ESTREITO_CAPOEIRAS,Florianópolis,-27.588,-48.585,0,10395,11084,3.588,TARDE
VIA_EXPRESSA_CORREDOR,Florianópolis,-27.62,-48.58,JURERE,Florianópolis,-27.44,-48.5,0,3880,4016,21.513,TARDE
JURERE,Florianópolis,-27.44,-48.5,PALHOCA_CENTRO,Palhoça,-27.645,-48.67,0,1017,1033,28.294,TARDE
PALHOCA_CENTRO,Palhoça,-27.645,-48.67,INGLESES,Florianópolis,-27.435,-48.395,0,1363,1387,35.783,TARDE
RESIDENCIAL_NORTE,Florianópolis,-27.542,-48.5,CBD_BEIRAMAR,Florianópolis,-27.5954,-48.548,0,12300,13277,7.592,TARDE
CBD_BEIRAMAR,Florianópolis,-27.5954,-48.548,JURERE,Florianópolis,-27.44,-48.5,0,11416,12282,17.916,TARDE
JURERE,Florianópolis,-27.44,-48.5,PALHOCA_PEDRA_BRANCA,Palhoça,-27.625,-48.69,0,2064,2107,27.823,TARDE
UFSC,Florianópolis,-27.5969,-48.55,SC401_CORREDOR,Florianópolis,-27.56,-48.518,0,9147,9727,5.175,TARDE
SAO_JOSE_KOBRASOL,São José,-27.595,-48.63,SAO_JOSE_ROÇADO,,0.0,0.0,0,11074,11872,0.0,TARDE
SAO_JOSE_ROÇADO,,0.0,0.0,SAO_JOSE_CENTRO,São José,-27.61,-48.618,0,4071,4223,0.0,TARDE
LAGOA_CONCEICAO,Florianópolis,-27.605,-48.46,SC401_CORREDOR,Florianópolis,-27.56,-48.518,0,12736,13735,7.597,TARDE
INGLESES,Florianópolis,-27.435,-48.395,RESIDENCIAL_NORTE,Florianópolis,-27.542,-48.5,0,7755,8153,15.774,TARDE
CAMPECHE,Florianópolis,-27.68,-48.48,INGLESES,Florianópolis,-27.435,-48.395,0,9674,10265,28.502,TARDE
ESTREITO_CAPOEIRAS,Florianópolis,-27.588,-48.585,CBD_BEIRAMAR,Florianópolis,-27.5954,-48.548,0,24705,28288,3.738,TARDE
VIA_EXPRESSA_CORREDOR,Florianópolis,-27.62,-48.58,LAGOA_CONCEICAO,Florianópolis,-27.605,-48.46,0,5289,5509,11.941,TARDE
AEROPORTO_HLZ,Florianópolis,-27.67,-48.547,SC401_CORREDOR,Florianópolis,-27.56,-48.518,0,10929,11662,12.561,TARDE
SAO_JOSE_KOBRASOL,São José,-27.595,-48.63,CBD_BEIRAMAR,Florianópolis,-27.5954,-48.548,0,17907,19828,8.081,TARDE
SC401_CORREDOR,Florianópolis,-27.56,-48.518,RESIDENCIAL_NORTE,Florianópolis,-27.542,-48.5,0,11473,12329,2.675,TARDE
LAGOA_CONCEICAO,Florianópolis,-27.605,-48.46,TRINDADE,Florianópolis,-27.6011,-48.532,0,9918,10545,7.108,TARDE
SAO_JOSE_ROÇADO,,0.0,0.0,ESTREITO_CAPOEIRAS,Florianópolis,-27.588,-48.585,0,14252,15478,0.0,TARDE
ESTREITO_CAPOEIRAS,Florianópolis,-27.588,-48.585,JURERE,Florianópolis,-27.44,-48.5,0,11320,12126,18.469,TARDE
TRINDADE,Florianópolis,-27.6011,-48.532,CAMPECHE,Florianópolis,-27.68,-48.48,0,11191,11966,10.159,TARDE
SAO_JOSE_ROÇADO,,0.0,0.0,JURERE,Florianópolis,-27.44,-48.5,0,6521,6823,0.0,TARDE
JURERE,Florianópolis,-27.44,-48.5,BIGUACU_BR101_NORTE,Biguaçu,-27.495,-48.655,0,3844,3956,16.47,TARDE
BIGUACU_BR101_NORTE,Biguaçu,-27.495,-48.655,RESIDENCIAL_NORTE,Florianópolis,-27.542,-48.5,0,4587,4760,16.154,TARDE
SAO_JOSE_ROÇADO,,0.0,0.0,CBD_BEIRAMAR,Florianópolis,-27.5954,-48.548,0,14112,15310,0.0,TARDE
CBD_BEIRAMAR,Florianópolis,-27.5954,-48.548,CENTRO_HISTORICO,Florianópolis,-27.597,-48.5482,0,2550,2629,0.179,TARDE
SAO_JOSE_KOBRASOL,São José,-27.595,-48.63,RESIDENCIAL_NORTE,Florianópolis,-27.542,-48.5,0,9720,10324,14.104,TARDE
NORTE_ILHA,Florianópolis,-27.48,-48.45,JURERE,Florianópolis,-27.44,-48.5,0,6651,6934,6.642,TARDE
JURERE,Florianópolis,-27.44,-48.5,SC401_CORREDOR,Florianópolis,-27.56,-48.518,0,9196,9754,13.461,TARDE
JURERE,Florianópolis,-27.44,-48.5,INGLESES,Florianópolis,-27.435,-48.395,0,6176,6453,10.377,TARDE
SAO_JOSE_KOBRASOL,São José,-27.595,-48.63,CENTRO_HISTORICO,Florianópolis,-27.597,-48.5482,0,1840,1876,8.064,TARDE
CENTRO_HISTORICO,Florianópolis,-27.597,-48.5482,RESIDENCIAL_NORTE,Florianópolis,-27.542,-48.5,0,1140,1151,7.744,TARDE
RESIDENCIAL_NORTE,Florianópolis,-27.542,-48.5,CAMPECHE,Florianópolis,-27.68,-48.48,0,8416,8922,15.471,TARDE
RESIDENCIAL_NORTE,Florianópolis,-27.542,-48.5,UFSC,Florianópolis,-27.5969,-48.55,0,5665,5900,7.846,TARDE
UFSC,Florianópolis,-27.5969,-48.55,AEROPORTO_HLZ,Florianópolis,-27.67,-48.547,0,5589,5828,8.134,TARDE
PALHOCA_CENTRO,Palhoça,-27.645,-48.67,SC401_CORREDOR,Florianópolis,-27.56,-48.518,0,1862,1908,17.711,TARDE
NORTE_ILHA,Florianópolis,-27.48,-48.45,RESIDENCIAL_NORTE,Florianópolis,-27.542,-48.5,0,7839,8243,8.476,TARDE
RESIDENCIAL_NORTE,Florianópolis,-27.542,-48.5,LAGOA_CONCEICAO,Florianópolis,-27.605,-48.46,0,7686,8124,8.039,TARDE
AEROPORTO_HLZ,Florianópolis,-27.67,-48.547,NORTE_ILHA,Florianópolis,-27.48,-48.45,0,7560,7955,23.19,TARDE
CBD_BEIRAMAR,Florianópolis,-27.5954,-48.548,PALHOCA_PEDRA_BRANCA,Palhoça,-27.625,-48.69,0,4947,5152,14.373,TARDE
SC401_CORREDOR,Florianópolis,-27.56,-48.518,SAO_JOSE_BARREIROS,São José,-27.645,-48.65,0,2148,2198,16.079,TARDE
SAO_JOSE_BARREIROS,São José,-27.645,-48.65,SAO_JOSE_KOBRASOL,São José,-27.595,-48.63,0,1685,1702,5.899,TARDE
NORTE_ILHA,Florianópolis,-27.48,-48.45,VIA_EXPRESSA_CORREDOR,Florianópolis,-27.62,-48.58,0,5433,5646,20.164,TARDE
JURERE,Florianópolis,-27.44,-48.5,RESIDENCIAL_NORTE,Florianópolis,-27.542,-48.5,0,5481,5723,11.342,TARDE
RESIDENCIAL_NORTE,Florianópolis,-27.542,-48.5,NORTE_ILHA,Florianópolis,-27.48,-48.45,0,7704,8099,8.476,TARDE
SAO_JOSE_CENTRO,São José,-27.61,-48.618,VIA_EXPRESSA_CORREDOR,Florianópolis,-27.62,-48.58,0,2342,2407,3.906,TARDE
VIA_EXPRESSA_CORREDOR,Florianópolis,-27.62,-48.58,SAO_JOSE_KOBRASOL,São José,-27.595,-48.63,0,6414,6698,5.657,TARDE
SAO_JOSE_KOBRASOL,São José,-27.595,-48.63,BIGUACU_BR101_NORTE,Biguaçu,-27.495,-48.655,0,6791,7102,11.389,TARDE
BIGUACU_BR101_NORTE,Biguaçu,-27.495,-48.655,CENTRO_HISTORICO,Florianópolis,-27.597,-48.5482,0,855,870,15.476,TARDE
CENTRO_HISTORICO,Florianópolis,-27.597,-48.5482,AEROPORTO_HLZ,Florianópolis,-27.67,-48.547,0,1187,1217,8.118,TARDE
JURERE,Florianópolis,-27.44,-48.5,LAGOA_CONCEICAO,Florianópolis,-27.605,-48.46,0,6413,6718,18.766,TARDE
LAGOA_CONCEICAO,Florianópolis,-27.605,-48.46,BIGUACU_BR101_NORTE,Biguaçu,-27.495,-48.655,0,5423,5640,22.786,TARDE
BIGUACU_BR101_NORTE,Biguaçu,-27.495,-48.655,CAMPECHE,Florianópolis,-27.68,-48.48,0,5808,6067,26.844,TARDE
TRINDADE,Florianópolis,-27.6011,-48.532,RESIDENCIAL_NORTE,Florianópolis,-27.542,-48.5,0,8672,9186,7.289,TARDE
NORTE_ILHA,Florianópolis,-27.48,-48.45,CENTRO_HISTORICO,Florianópolis,-27.597,-48.5482,0,1408,1426,16.217,TARDE
CENTRO_HISTORICO,Florianópolis,-27.597,-48.5482,CBD_BEIRAMAR,Florianópolis,-27.5954,-48.548,0,2272,2347,0.179,TARDE
RESIDENCIAL_NORTE,Florianópolis,-27.542,-48.5,JURERE,Florianópolis,-27.44,-48.5,0,5656,5907,11.342,TARDE
BIGUACU_BR101_NORTE,Biguaçu,-27.495,-48.655,JURERE,Florianópolis,-27.44,-48.5,0,3792,3923,16.47,TARDE
CENTRO_HISTORICO,Florianópolis,-27.597,-48.5482,NORTE_ILHA,Florianópolis,-27.48,-48.45,0,1304,1330,16.217,TARDE
CAMPECHE,Florianópolis,-27.68,-48.48,SAO_JOSE_ROÇADO,,0.0,0.0,0,10136,10796,0.0,TARDE
SC401_CORREDOR,Florianópolis,-27.56,-48.518,AEROPORTO_HLZ,Florianópolis,-27.67,-48.547,0,11393,12264,12.561,TARDE
AEROPORTO_HLZ,Florianópolis,-27.67,-48.547,SAO_JOSE_KOBRASOL,São José,-27.595,-48.63,0,9348,9879,11.679,TARDE
CBD_BEIRAMAR,Florianópolis,-27.5954,-48.548,COQUEIROS,Florianópolis,-27.582,-48.57,0,2614,2690,2.631,TARDE
COQUEIROS,Florianópolis,-27.582,-48.57,UFSC,Florianópolis,-27.5969,-48.55,0,1004,1012,2.575,TARDE
JURERE,Florianópolis,-27.44,-48.5,SAO_JOSE_CENTRO,São José,-27.61,-48.618,0,2924,2999,22.197,TARDE
BIGUACU_BR101_NORTE,Biguaçu,-27.495,-48.655,TRINDADE,Florianópolis,-27.6011,-48.532,0,5682,5951,16.918,TARDE
TRINDADE,Florianópolis,-27.6011,-48.532,SAO_JOSE_CENTRO,São José,-27.61,-48.618,0,4575,4774,8.532,TARDE
SAO_JOSE_CENTRO,São José,-27.61,-48.618,SAO_JOSE_KOBRASOL,São José,-27.595,-48.63,0,4737,4910,2.045,TARDE
AEROPORTO_HLZ,Florianópolis,-27.67,-48.547,VIA_EXPRESSA_CORREDOR,Florianópolis,-27.62,-48.58,0,4603,4764,6.44,TARDE
VIA_EXPRESSA_CORREDOR,Florianópolis,-27.62,-48.58,NORTE_ILHA,Florianópolis,-27.48,-48.45,0,5174,5381,20.164,TARDE
SC401_CORREDOR,Florianópolis,-27.56,-48.518,COQUEIROS,Florianópolis,-27.582,-48.57,0,2190,2247,5.679,TARDE
COQUEIROS,Florianópolis,-27.582,-48.57,SAO_JOSE_KOBRASOL,São José,-27.595,-48.63,0,1679,1716,6.087,TARDE
SAO_JOSE_ROÇADO,,0.0,0.0,NORTE_ILHA,Florianópolis,-27.48,-48.45,0,8713,9193,0.0,TARDE
CENTRO_HISTORICO,Florianópolis,-27.597,-48.5482,PALHOCA_PEDRA_BRANCA,Palhoça,-27.625,-48.69,0,418,423,14.314,TARDE
AEROPORTO_HLZ,Florianópolis,-27.67,-48.547,LAGOA_CONCEICAO,Florianópolis,-27.605,-48.46,0,7566,7955,11.211,TARDE
CENTRO_HISTORICO,Florianópolis,-27.597,-48.5482,TRINDADE,Florianópolis,-27.6011,-48.532,0,1494,1536,1.66,TARDE
UFSC,Florianópolis,-27.5969,-48.55,VIA_EXPRESSA_CORREDOR,Florianópolis,-27.62,-48.58,0,3901,4036,3.916,TARDE
VIA_EXPRESSA_CORREDOR,Florianópolis,-27.62,-48.58,ESTREITO_CAPOEIRAS,Florianópolis,-27.588,-48.585,0,8495,8973,3.592,TARDE
INGLESES,Florianópolis,-27.435,-48.395,SAO_JOSE_CENTRO,São José,-27.61,-48.618,0,4124,4269,29.364,TARDE
RESIDENCIAL_NORTE,Florianópolis,-27.542,-48.5,AEROPORTO_HLZ,Florianópolis,-27.67,-48.547,0,6615,6894,14.967,TARDE
CANASVIEIRAS,Florianópolis,-27.425,-48.47,ESTREITO_CAPOEIRAS,Florianópolis,-27.588,-48.585,0,6322,6622,21.381,TARDE
INGLESES,Florianópolis,-27.435,-48.395,UFSC,Florianópolis,-27.5969,-48.55,0,6624,6957,23.616,TARDE
UFSC,Florianópolis,-27.5969,-48.55,RESIDENCIAL_NORTE,Florianópolis,-27.542,-48.5,0,5643,5883,7.846,TARDE
RESIDENCIAL_NORTE,Florianópolis,-27.542,-48.5,TRINDADE,Florianópolis,-27.6011,-48.532,0,8422,8854,7.289,TARDE
COQUEIROS,Florianópolis,-27.582,-48.57,TRINDADE,Florianópolis,-27.6011,-48.532,0,1581,1611,4.305,TARDE
VIA_EXPRESSA_CORREDOR,Florianópolis,-27.62,-48.58,INGLESES,Florianópolis,-27.435,-48.395,0,5213,5413,27.494,TARDE
CAMPECHE,Florianópolis,-27.68,-48.48,JURERE,Florianópolis,-27.44,-48.5,0,7364,7726,26.76,TARDE
COQUEIROS,Florianópolis,-27.582,-48.57,JURERE,Florianópolis,-27.44,-48.5,0,992,1008,17.233,TARDE
SAO_JOSE_ROÇADO,,0.0,0.0,RESIDENCIAL_NORTE,Florianópolis,-27.542,-48.5,0,7661,8089,0.0,TARDE
CAMPECHE,Florianópolis,-27.68,-48.48,VIA_EXPRESSA_CORREDOR,Florianópolis,-27.62,-48.58,0,6092,6344,11.897,TARDE
SAO_JOSE_ROÇADO,,0.0,0.0,VIA_EXPRESSA_CORREDOR,Florianópolis,-27.62,-48.58,0,5398,5604,0.0,TARDE
BIGUACU_BR101_NORTE,Biguaçu,-27.495,-48.655,SAO_JOSE_ROÇADO,,0.0,0.0,0,5092,5303,0.0,TARDE
RESIDENCIAL_NORTE,Florianópolis,-27.542,-48.5,BIGUACU_BR101_NORTE,Biguaçu,-27.495,-48.655,0,4662,4854,16.154,TARDE
SAO_JOSE_CENTRO,São José,-27.61,-48.618,ESTREITO_CAPOEIRAS,Florianópolis,-27.588,-48.585,0,6454,6739,4.069,TARDE
PALHOCA_PEDRA_BRANCA,Palhoça,-27.625,-48.69,NORTE_ILHA,Florianópolis,-27.48,-48.45,0,2710,2783,28.631,TARDE
NORTE_ILHA,Florianópolis,-27.48,-48.45,ESTREITO_CAPOEIRAS,Florianópolis,-27.588,-48.585,0,14199,15486,17.928,TARDE
ESTREITO_CAPOEIRAS,Florianópolis,-27.588,-48.585,SAO_JOSE_BARREIROS,São José,-27.645,-48.65,0,2574,2647,9.01,TARDE
LAGOA_CONCEICAO,Florianópolis,-27.605,-48.46,PALHOCA_PEDRA_BRANCA,Palhoça,-27.625,-48.69,0,2848,2924,22.77,TARDE
PALHOCA_PEDRA_BRANCA,Palhoça,-27.625,-48.69,UFSC,Florianópolis,-27.5969,-48.55,0,2038,2090,14.144,TARDE
SAO_JOSE_KOBRASOL,São José,-27.595,-48.63,PALHOCA_CENTRO,Palhoça,-27.645,-48.67,0,1841,1884,6.815,TARDE
PALHOCA_CENTRO,Palhoça,-27.645,-48.67,UFSC,Florianópolis,-27.5969,-48.55,0,1009,1026,12.976,TARDE
INGLESES,Florianópolis,-27.435,-48.395,SAO_JOSE_BARREIROS,São José,-27.645,-48.65,0,1489,1512,34.313,TARDE
SAO_JOSE_BARREIROS,São José,-27.645,-48.65,SAO_JOSE_ROÇADO,,0.0,0.0,0,1272,1300,0.0,TARDE
SAO_JOSE_BARREIROS,São José,-27.645,-48.65,INGLESES,Florianópolis,-27.435,-48.395,0,1384,1410,34.313,TARDE
SAO_JOSE_ROÇADO,,0.0,0.0,SAO_JOSE_BARREIROS,São José,-27.645,-48.65,0,1427,1458,0.0,TARDE
COQUEIROS,Florianópolis,-27.582,-48.57,BIGUACU_BR101_NORTE,Biguaçu,-27.495,-48.655,0,744,752,12.799,TARDE
CAMPECHE,Florianópolis,-27.68,-48.48,CENTRO_HISTORICO,Florianópolis,-27.597,-48.5482,0,1639,1679,11.415,TARDE
SAO_JOSE_ROÇADO,,0.0,0.0,BIGUACU_BR101_NORTE,Biguaçu,-27.495,-48.655,0,5433,5635,0.0,TARDE
PALHOCA_PEDRA_BRANCA,Palhoça,-27.625,-48.69,SAO_JOSE_KOBRASOL,São José,-27.595,-48.63,0,3284,3385,6.788,TARDE
JURERE,Florianópolis,-27.44,-48.5,UFSC,Florianópolis,-27.5969,-48.55,0,4715,4892,18.13,TARDE
ESTREITO_CAPOEIRAS,Florianópolis,-27.588,-48.585,BIGUACU_BR101_NORTE,Biguaçu,-27.495,-48.655,0,9441,10028,12.433,TARDE
BIGUACU_BR101_NORTE,Biguaçu,-27.495,-48.655,INGLESES,Florianópolis,-27.435,-48.395,0,5125,5305,26.506,TARDE
RESIDENCIAL_NORTE,Florianópolis,-27.542,-48.5,SAO_JOSE_BARREIROS,São José,-27.645,-48.65,0,1217,1239,18.7,TARDE
SAO_JOSE_BARREIROS,São José,-27.645,-48.65,LAGOA_CONCEICAO,Florianópolis,-27.605,-48.46,0,1359,1382,19.24,TARDE
BIGUACU_BR101_NORTE,Biguaçu,-27.495,-48.655,LAGOA_CONCEICAO,Florianópolis,-27.605,-48.46,0,5262,5480,22.786,TARDE
CANASVIEIRAS,Florianópolis,-27.425,-48.47,SAO_JOSE_KOBRASOL,São José,-27.595,-48.63,0,4715,4894,24.624,TARDE
ESTREITO_CAPOEIRAS,Florianópolis,-27.588,-48.585,PALHOCA_PEDRA_BRANCA,Palhoça,-27.625,-48.69,0,4949,5120,11.134,TARDE
PALHOCA_PEDRA_BRANCA,Palhoça,-27.625,-48.69,SAO_JOSE_CENTRO,São José,-27.61,-48.618,0,1193,1226,7.287,TARDE
SAO_JOSE_CENTRO,São José,-27.61,-48.618,SC401_CORREDOR,Florianópolis,-27.56,-48.518,0,5685,5926,11.316,TARDE
UFSC,Florianópolis,-27.5969,-48.55,CANASVIEIRAS,Florianópolis,-27.425,-48.47,0,2897,2980,20.679,TARDE
SAO_JOSE_CENTRO,São José,-27.61,-48.618,JURERE,Florianópolis,-27.44,-48.5,0,2856,2918,22.197,TARDE
BIGUACU_BR101_NORTE,Biguaçu,-27.495,-48.655,UFSC,Florianópolis,-27.5969,-48.55,0,3804,3923,15.348,TARDE
BIGUACU_BR101_NORTE,Biguaçu,-27.495,-48.655,CBD_BEIRAMAR,Florianópolis,-27.5954,-48.548,0,8346,8812,15.36,TARDE
SAO_JOSE_CENTRO,São José,-27.61,-48.618,CAMPECHE,Florianópolis,-27.68,-48.48,0,4380,4536,15.664,TARDE
LAGOA_CONCEICAO,Florianópolis,-27.605,-48.46,VIA_EXPRESSA_CORREDOR,Florianópolis,-27.62,-48.58,0,5422,5618,11.941,TARDE
VIA_EXPRESSA_CORREDOR,Florianópolis,-27.62,-48.58,BIGUACU_BR101_NORTE,Biguaçu,-27.495,-48.655,0,3181,3258,15.743,TARDE
AEROPORTO_HLZ,Florianópolis,-27.67,-48.547,BIGUACU_BR101_NORTE,Biguaçu,-27.495,-48.655,0,4620,4788,22.18,TARDE
CBD_BEIRAMAR,Florianópolis,-27.5954,-48.548,BIGUACU_BR101_NORTE,Biguaçu,-27.495,-48.655,0,9329,9865,15.36,TARDE
BIGUACU_BR101_NORTE,Biguaçu,-27.495,-48.655,PALHOCA_PEDRA_BRANCA,Palhoça,-27.625,-48.69,0,1634,1668,14.861,TARDE
PALHOCA_PEDRA_BRANCA,Palhoça,-27.625,-48.69,RESIDENCIAL_NORTE,Florianópolis,-27.542,-48.5,0,2306,2366,20.877,TARDE
NORTE_ILHA,Florianópolis,-27.48,-48.45,SAO_JOSE_ROÇADO,,0.0,0.0,0,8652,9151,0.0,TARDE
NORTE_ILHA,Florianópolis,-27.48,-48.45,SAO_JOSE_CENTRO,São José,-27.61,-48.618,0,3989,4133,21.984,TARDE
SAO_JOSE_CENTRO,São José,-27.61,-48.618,BIGUACU_BR101_NORTE,Biguaçu,-27.495,-48.655,0,2399,2461,13.297,TARDE
COQUEIROS,Florianópolis,-27.582,-48.57,SC401_CORREDOR,Florianópolis,-27.56,-48.518,0,1923,1974,5.679,TARDE
JURERE,Florianópolis,-27.44,-48.5,SAO_JOSE_ROÇADO,,0.0,0.0,0,6392,6702,0.0,TARDE
NORTE_ILHA,Florianópolis,-27.48,-48.45,BIGUACU_BR101_NORTE,Biguaçu,-27.495,-48.655,0,5291,5509,20.29,TARDE
AEROPORTO_HLZ,Florianópolis,-27.67,-48.547,RESIDENCIAL_NORTE,Florianópolis,-27.542,-48.5,0,6666,6970,14.967,TARDE
RESIDENCIAL_NORTE,Florianópolis,-27.542,-48.5,VIA_EXPRESSA_CORREDOR,Florianópolis,-27.62,-48.58,0,4588,4743,11.721,TARDE
RESIDENCIAL_NORTE,Florianópolis,-27.542,-48.5,CANASVIEIRAS,Florianópolis,-27.425,-48.47,0,3515,3638,13.342,TARDE
CANASVIEIRAS,Florianópolis,-27.425,-48.47,LAGOA_CONCEICAO,Florianópolis,-27.605,-48.46,0,3891,4004,20.039,TARDE
RESIDENCIAL_NORTE,Florianópolis,-27.542,-48.5,PALHOCA_PEDRA_BRANCA,Palhoça,-27.625,-48.69,0,2401,2465,20.877,TARDE
SAO_JOSE_KOBRASOL,São José,-27.595,-48.63,COQUEIROS,Florianópolis,-27.582,-48.57,0,1796,1841,6.087,TARDE
COQUEIROS,Florianópolis,-27.582,-48.57,CAMPECHE,Florianópolis,-27.68,-48.48,0,1561,1587,14.048,TARDE
PALHOCA_PEDRA_BRANCA,Palhoça,-27.625,-48.69,CBD_BEIRAMAR,Florianópolis,-27.5954,-48.548,0,4304,4447,14.373,TARDE
JURERE,Florianópolis,-27.44,-48.5,COQUEIROS,Florianópolis,-27.582,-48.57,0,1016,1042,17.233,TARDE
BIGUACU_BR101_NORTE,Biguaçu,-27.495,-48.655,AEROPORTO_HLZ,Florianópolis,-27.67,-48.547,0,4617,4790,22.18,TARDE
RESIDENCIAL_NORTE,Florianópolis,-27.542,-48.5,SAO_JOSE_CENTRO,São José,-27.61,-48.618,0,3577,3699,13.872,TARDE
LAGOA_CONCEICAO,Florianópolis,-27.605,-48.46,INGLESES,Florianópolis,-27.435,-48.395,0,8823,9313,19.96,TARDE
AEROPORTO_HLZ,Florianópolis,-27.67,-48.547,TRINDADE,Florianópolis,-27.6011,-48.532,0,8636,9116,7.803,TARDE
JURERE,Florianópolis,-27.44,-48.5,SAO_JOSE_KOBRASOL,São José,-27.595,-48.63,0,7982,8417,21.48,TARDE
LAGOA_CONCEICAO,Florianópolis,-27.605,-48.46,PALHOCA_CENTRO,Palhoça,-27.645,-48.67,0,1449,1474,21.162,TARDE
PALHOCA_CENTRO,Palhoça,-27.645,-48.67,SAO_JOSE_KOBRASOL,São José,-27.595,-48.63,0,1608,1640,6.815,TARDE
CAMPECHE,Florianópolis,-27.68,-48.48,PALHOCA_PEDRA_BRANCA,Palhoça,-27.625,-48.69,0,3172,3289,21.569,TARDE
VIA_EXPRESSA_CORREDOR,Florianópolis,-27.62,-48.58,UFSC,Florianópolis,-27.5969,-48.55,0,3790,3944,3.916,TARDE
CANASVIEIRAS,Florianópolis,-27.425,-48.47,AEROPORTO_HLZ,Florianópolis,-27.67,-48.547,0,3412,3539,28.281,TARDE
CANASVIEIRAS,Florianópolis,-27.425,-48.47,TRINDADE,Florianópolis,-27.6011,-48.532,0,4315,4457,20.514,TARDE
COQUEIROS,Florianópolis,-27.582,-48.57,INGLESES,Florianópolis,-27.435,-48.395,0,1338,1377,23.771,TARDE
LAGOA_CONCEICAO,Florianópolis,-27.605,-48.46,UFSC,Florianópolis,-27.5969,-48.55,0,6519,6855,8.914,TARDE
ESTREITO_CAPOEIRAS,Florianópolis,-27.588,-48.585,SAO_JOSE_CENTRO,São José,-27.61,-48.618,0,7145,7514,4.069,TARDE
UFSC,Florianópolis,-27.5969,-48.55,CAMPECHE,Florianópolis,-27.68,-48.48,0,7210,7564,11.53,TARDE
UFSC,Florianópolis,-27.5969,-48.55,PALHOCA_CENTRO,Palhoça,-27.645,-48.67,0,1047,1065,12.976,TARDE
LAGOA_CONCEICAO,Florianópolis,-27.605,-48.46,RESIDENCIAL_NORTE,Florianópolis,-27.542,-48.5,0,7562,8018,8.039,TARDE
SAO_JOSE_ROÇADO,,0.0,0.0,CANASVIEIRAS,Florianópolis,-27.425,-48.47,0,4095,4214,0.0,TARDE
SAO_JOSE_ROÇADO,,0.0,0.0,PALHOCA_CENTRO,Palhoça,-27.645,-48.67,0,1559,1584,0.0,TARDE
LAGOA_CONCEICAO,Florianópolis,-27.605,-48.46,SAO_JOSE_ROÇADO,,0.0,0.0,0,8781,9309,0.0,TARDE
SC401_CORREDOR,Florianópolis,-27.56,-48.518,PALHOCA_PEDRA_BRANCA,Palhoça,-27.625,-48.69,0,4192,4344,18.427,TARDE
COQUEIROS,Florianópolis,-27.582,-48.57,PALHOCA_PEDRA_BRANCA,Palhoça,-27.625,-48.69,0,442,445,12.755,TARDE
PALHOCA_PEDRA_BRANCA,Palhoça,-27.625,-48.69,VIA_EXPRESSA_CORREDOR,Florianópolis,-27.62,-48.58,0,1653,1692,10.852,TARDE
CAMPECHE,Florianópolis,-27.68,-48.48,COQUEIROS,Florianópolis,-27.582,-48.57,0,1607,1649,14.048,TARDE
COQUEIROS,Florianópolis,-27.582,-48.57,CANASVIEIRAS,Florianópolis,-27.425,-48.47,0,603,618,20.051,TARDE
VIA_EXPRESSA_CORREDOR,Florianópolis,-27.62,-48.58,SAO_JOSE_ROÇADO,,0.0,0.0,0,5076,5303,0.0,TARDE
AEROPORTO_HLZ,Florianópolis,-27.67,-48.547,INGLESES,Florianópolis,-27.435,-48.395,0,7665,8064,30.122,TARDE
SAO_JOSE_CENTRO,São José,-27.61,-48.618,SAO_JOSE_ROÇADO,,0.0,0.0,0,3913,4043,0.0,TARDE
SAO_JOSE_KOBRASOL,São José,-27.595,-48.63,UFSC,Florianópolis,-27.5969,-48.55,0,8367,8827,7.886,TARDE
JURERE,Florianópolis,-27.44,-48.5,ESTREITO_CAPOEIRAS,Florianópolis,-27.588,-48.585,0,10379,11081,18.469,TARDE
SAO_JOSE_CENTRO,São José,-27.61,-48.618,LAGOA_CONCEICAO,Florianópolis,-27.605,-48.46,0,3808,3925,15.578,TARDE
SAO_JOSE_ROÇADO,,0.0,0.0,CENTRO_HISTORICO,Florianópolis,-27.597,-48.5482,0,1442,1468,0.0,TARDE
SC401_CORREDOR,Florianópolis,-27.56,-48.518,VIA_EXPRESSA_CORREDOR,Florianópolis,-27.62,-48.58,0,8118,8545,9.047,TARDE
AEROPORTO_HLZ,Florianópolis,-27.67,-48.547,SAO_JOSE_BARREIROS,São José,-27.645,-48.65,0,1186,1215,10.518,TARDE
BIGUACU_BR101_NORTE,Biguaçu,-27.495,-48.655,CANASVIEIRAS,Florianópolis,-27.425,-48.47,0,2366,2427,19.844,TARDE
UFSC,Florianópolis,-27.5969,-48.55,NORTE_ILHA,Florianópolis,-27.48,-48.45,0,6560,6854,16.315,TARDE
SAO_JOSE_CENTRO,São José,-27.61,-48.618,CANASVIEIRAS,Florianópolis,-27.425,-48.47,0,1775,1819,25.223,TARDE
SC401_CORREDOR,Florianópolis,-27.56,-48.518,PALHOCA_CENTRO,Palhoça,-27.645,-48.67,0,2176,2233,17.711,TARDE
PALHOCA_CENTRO,Palhoça,-27.645,-48.67,SAO_JOSE_ROÇADO,,0.0,0.0,0,1373,1398,0.0,TARDE
VIA_EXPRESSA_CORREDOR,Florianópolis,-27.62,-48.58,RESIDENCIAL_NORTE,Florianópolis,-27.542,-48.5,0,4607,4778,11.721,TARDE
RESIDENCIAL_NORTE,Florianópolis,-27.542,-48.5,CENTRO_HISTORICO,Florianópolis,-27.597,-48.5482,0,1245,1255,7.744,TARDE
CENTRO_HISTORICO,Florianópolis,-27.597,-48.5482,ESTREITO_CAPOEIRAS,Florianópolis,-27.588,-48.585,0,2277,2326,3.762,TARDE
TRINDADE,Florianópolis,-27.6011,-48.532,PALHOCA_PEDRA_BRANCA,Palhoça,-27.625,-48.69,0,3162,3261,15.793,TARDE
PALHOCA_PEDRA_BRANCA,Palhoça,-27.625,-48.69,CAMPECHE,Florianópolis,-27.68,-48.48,0,2928,3016,21.569,TARDE
CAMPECHE,Florianópolis,-27.68,-48.48,SAO_JOSE_BARREIROS,São José,-27.645,-48.65,0,1611,1648,17.189,TARDE
SAO_JOSE_ROÇADO,,0.0,0.0,UFSC,Florianópolis,-27.5969,-48.55,0,6618,6903,0.0,TARDE
JURERE,Florianópolis,-27.44,-48.5,CENTRO_HISTORICO,Florianópolis,-27.597,-48.5482,0,1047,1062,18.093,TARDE
CENTRO_HISTORICO,Florianópolis,-27.597,-48.5482,BIGUACU_BR101_NORTE,Biguaçu,-27.495,-48.655,0,801,817,15.476,TARDE
NORTE_ILHA,Florianópolis,-27.48,-48.45,PALHOCA_PEDRA_BRANCA,Palhoça,-27.625,-48.69,0,2635,2708,28.631,TARDE
INGLESES,Florianópolis,-27.435,-48.395,VIA_EXPRESSA_CORREDOR,Florianópolis,-27.62,-48.58,0,5433,5667,27.494,TARDE
SAO_JOSE_CENTRO,São José,-27.61,-48.618,AEROPORTO_HLZ,Florianópolis,-27.67,-48.547,0,3526,3649,9.666,TARDE
CANASVIEIRAS,Florianópolis,-27.425,-48.47,CAMPECHE,Florianópolis,-27.68,-48.48,0,4428,4548,28.372,TARDE
VIA_EXPRESSA_CORREDOR,Florianópolis,-27.62,-48.58,SAO_JOSE_CENTRO,São José,-27.61,-48.618,0,2346,2412,3.906,TARDE
CANASVIEIRAS,Florianópolis,-27.425,-48.47,VIA_EXPRESSA_CORREDOR,Florianópolis,-27.62,-48.58,0,2380,2440,24.245,TARDE
COQUEIROS,Florianópolis,-27.582,-48.57,NORTE_ILHA,Florianópolis,-27.48,-48.45,0,1366,1387,16.39,TARDE
NORTE_ILHA,Florianópolis,-27.48,-48.45,PALHOCA_CENTRO,Palhoça,-27.645,-48.67,0,1441,1458,28.406,TARDE
ESTREITO_CAPOEIRAS,Florianópolis,-27.588,-48.585,CANASVIEIRAS,Florianópolis,-27.425,-48.47,0,7306,7733,21.381,TARDE
SAO_JOSE_BARREIROS,São José,-27.645,-48.65,CBD_BEIRAMAR,Florianópolis,-27.5954,-48.548,0,2269,2329,11.463,TARDE
CENTRO_HISTORICO,Florianópolis,-27.597,-48.5482,SAO_JOSE_ROÇADO,,0.0,0.0,0,1335,1368,0.0,TARDE
TRINDADE,Florianópolis,-27.6011,-48.532,COQUEIROS,Florianópolis,-27.582,-48.57,0,1627,1663,4.305,TARDE
COQUEIROS,Florianópolis,-27.582,-48.57,ESTREITO_CAPOEIRAS,Florianópolis,-27.588,-48.585,0,2197,2257,1.622,TARDE
UFSC,Florianópolis,-27.5969,-48.55,SAO_JOSE_ROÇADO,,0.0,0.0,0,6358,6649,0.0,TARDE
JURERE,Florianópolis,-27.44,-48.5,SAO_JOSE_BARREIROS,São José,-27.645,-48.65,0,1075,1103,27.172,TARDE
CBD_BEIRAMAR,Florianópolis,-27.5954,-48.548,PALHOCA_CENTRO,Palhoça,-27.645,-48.67,0,2523,2563,13.225,TARDE
CENTRO_HISTORICO,Florianópolis,-27.597,-48.5482,CAMPECHE,Florianópolis,-27.68,-48.48,0,1457,1489,11.415,TARDE
SAO_JOSE_BARREIROS,São José,-27.645,-48.65,TRINDADE,Florianópolis,-27.6011,-48.532,0,1490,1516,12.609,TARDE
SAO_JOSE_KOBRASOL,São José,-27.595,-48.63,JURERE,Florianópolis,-27.44,-48.5,0,8272,8772,21.48,TARDE
AEROPORTO_HLZ,Florianópolis,-27.67,-48.547,PALHOCA_PEDRA_BRANCA,Palhoça,-27.625,-48.69,0,2380,2439,14.948,TARDE
LAGOA_CONCEICAO,Florianópolis,-27.605,-48.46,CENTRO_HISTORICO,Florianópolis,-27.597,-48.5482,0,1482,1508,8.737,TARDE
CENTRO_HISTORICO,Florianópolis,-27.597,-48.5482,JURERE,Florianópolis,-27.44,-48.5,0,947,961,18.093,TARDE
INGLESES,Florianópolis,-27.435,-48.395,NORTE_ILHA,Florianópolis,-27.48,-48.45,0,8783,9258,7.382,TARDE
SC401_CORREDOR,Florianópolis,-27.56,-48.518,CENTRO_HISTORICO,Florianópolis,-27.597,-48.5482,0,2237,2280,5.078,TARDE
CANASVIEIRAS,Florianópolis,-27.425,-48.47,PALHOCA_PEDRA_BRANCA,Palhoça,-27.625,-48.69,0,1221,1236,31.068,TARDE
UFSC,Florianópolis,-27.5969,-48.55,PALHOCA_PEDRA_BRANCA,Palhoça,-27.625,-48.69,0,2038,2081,14.144,TARDE
PALHOCA_PEDRA_BRANCA,Palhoça,-27.625,-48.69,JURERE,Florianópolis,-27.44,-48.5,0,1937,1983,27.823,TARDE
SC401_CORREDOR,Florianópolis,-27.56,-48.518,CANASVIEIRAS,Florianópolis,-27.425,-48.47,0,6253,6543,15.74,TARDE
SAO_JOSE_CENTRO,São José,-27.61,-48.618,CENTRO_HISTORICO,Florianópolis,-27.597,-48.5482,0,676,682,7.028,TARDE
CENTRO_HISTORICO,Florianópolis,-27.597,-48.5482,SC401_CORREDOR,Florianópolis,-27.56,-48.518,0,1884,1932,5.078,TARDE
CAMPECHE,Florianópolis,-27.68,-48.48,PALHOCA_CENTRO,Palhoça,-27.645,-48.67,0,1601,1635,19.113,TARDE
CANASVIEIRAS,Florianópolis,-27.425,-48.47,INGLESES,Florianópolis,-27.435,-48.395,0,3930,4065,7.485,TARDE
BIGUACU_BR101_NORTE,Biguaçu,-27.495,-48.655,SAO_JOSE_CENTRO,São José,-27.61,-48.618,0,2401,2465,13.297,TARDE
INGLESES,Florianópolis,-27.435,-48.395,JURERE,Florianópolis,-27.44,-48.5,0,6530,6835,10.377,TARDE
VIA_EXPRESSA_CORREDOR,Florianópolis,-27.62,-48.58,PALHOCA_CENTRO,Palhoça,-27.645,-48.67,0,808,828,9.292,TARDE
UFSC,Florianópolis,-27.5969,-48.55,BIGUACU_BR101_NORTE,Biguaçu,-27.495,-48.655,0,3893,4022,15.348,TARDE
LAGOA_CONCEICAO,Florianópolis,-27.605,-48.46,COQUEIROS,Florianópolis,-27.582,-48.57,0,1407,1434,11.138,TARDE
COQUEIROS,Florianópolis,-27.582,-48.57,AEROPORTO_HLZ,Florianópolis,-27.67,-48.547,0,1229,1253,10.044,TARDE
NORTE_ILHA,Florianópolis,-27.48,-48.45,AEROPORTO_HLZ,Florianópolis,-27.67,-48.547,0,7729,8159,23.19,TARDE
VIA_EXPRESSA_CORREDOR,Florianópolis,-27.62,-48.58,CENTRO_HISTORICO,Florianópolis,-27.597,-48.5482,0,870,893,4.045,TARDE
SAO_JOSE_BARREIROS,São José,-27.645,-48.65,AEROPORTO_HLZ,Florianópolis,-27.67,-48.547,0,1206,1223,10.518,TARDE
SAO_JOSE_KOBRASOL,São José,-27.595,-48.63,PALHOCA_PEDRA_BRANCA,Palhoça,-27.625,-48.69,0,3432,3521,6.788,TARDE
PALHOCA_CENTRO,Palhoça,-27.645,-48.67,LAGOA_CONCEICAO,Florianópolis,-27.605,-48.46,0,1288,1308,21.162,TARDE
CENTRO_HISTORICO,Florianópolis,-27.597,-48.5482,SAO_JOSE_KOBRASOL,São José,-27.595,-48.63,0,1640,1680,8.064,TARDE
UFSC,Florianópolis,-27.5969,-48.55,SAO_JOSE_CENTRO,São José,-27.61,-48.618,0,2966,3047,6.857,TARDE
SAO_JOSE_CENTRO,São José,-27.61,-48.618,SAO_JOSE_BARREIROS,São José,-27.645,-48.65,0,657,664,5.008,TARDE
BIGUACU_BR101_NORTE,Biguaçu,-27.495,-48.655,PALHOCA_CENTRO,Palhoça,-27.645,-48.67,0,852,867,16.745,TARDE
TRINDADE,Florianópolis,-27.6011,-48.532,CANASVIEIRAS,Florianópolis,-27.425,-48.47,0,4543,4723,20.514,TARDE
SAO_JOSE_ROÇADO,,0.0,0.0,COQUEIROS,Florianópolis,-27.582,-48.57,0,1477,1519,0.0,TARDE
PALHOCA_PEDRA_BRANCA,Palhoça,-27.625,-48.69,SAO_JOSE_ROÇADO,,0.0,0.0,0,2652,2732,0.0,TARDE
COQUEIROS,Florianópolis,-27.582,-48.57,RESIDENCIAL_NORTE,Florianópolis,-27.542,-48.5,0,1229,1259,8.21,TARDE
PALHOCA_CENTRO,Palhoça,-27.645,-48.67,CANASVIEIRAS,Florianópolis,-27.425,-48.47,0,606,618,31.421,TARDE
PALHOCA_CENTRO,Palhoça,-27.645,-48.67,CBD_BEIRAMAR,Florianópolis,-27.5954,-48.548,0,2133,2191,13.225,TARDE
CANASVIEIRAS,Florianópolis,-27.425,-48.47,PALHOCA_CENTRO,Palhoça,-27.645,-48.67,0,647,664,31.421,TARDE
CENTRO_HISTORICO,Florianópolis,-27.597,-48.5482,INGLESES,Florianópolis,-27.435,-48.395,0,1324,1347,23.51,TARDE
PALHOCA_PEDRA_BRANCA,Palhoça,-27.625,-48.69,SC401_CORREDOR,Florianópolis,-27.56,-48.518,0,3828,3943,18.427,TARDE
COQUEIROS,Florianópolis,-27.582,-48.57,CENTRO_HISTORICO,Florianópolis,-27.597,-48.5482,0,200,203,2.72,TARDE
VIA_EXPRESSA_CORREDOR,Florianópolis,-27.62,-48.58,PALHOCA_PEDRA_BRANCA,Palhoça,-27.625,-48.69,0,1677,1703,10.852,TARDE
SAO_JOSE_BARREIROS,São José,-27.645,-48.65,ESTREITO_CAPOEIRAS,Florianópolis,-27.588,-48.585,0,2128,2188,9.01,TARDE
AEROPORTO_HLZ,Florianópolis,-27.67,-48.547,CENTRO_HISTORICO,Florianópolis,-27.597,-48.5482,0,1215,1252,8.118,TARDE
SAO_JOSE_BARREIROS,São José,-27.645,-48.65,SC401_CORREDOR,Florianópolis,-27.56,-48.518,0,1948,1995,16.079,TARDE
INGLESES,Florianópolis,-27.435,-48.395,PALHOCA_PEDRA_BRANCA,Palhoça,-27.625,-48.69,0,2736,2810,35.951,TARDE
PALHOCA_PEDRA_BRANCA,Palhoça,-27.625,-48.69,COQUEIROS,Florianópolis,-27.582,-48.57,0,461,461,12.755,TARDE
CENTRO_HISTORICO,Florianópolis,-27.597,-48.5482,COQUEIROS,Florianópolis,-27.582,-48.57,0,242,245,2.72,TARDE
PALHOCA_CENTRO,Palhoça,-27.645,-48.67,JURERE,Florianópolis,-27.44,-48.5,0,981,1007,28.294,TARDE
PALHOCA_PEDRA_BRANCA,Palhoça,-27.625,-48.69,TRINDADE,Florianópolis,-27.6011,-48.532,0,2981,3039,15.793,TARDE
UFSC,Florianópolis,-27.5969,-48.55,COQUEIROS,Florianópolis,-27.582,-48.57,0,1037,1062,2.575,TARDE
SAO_JOSE_BARREIROS,São José,-27.645,-48.65,VIA_EXPRESSA_CORREDOR,Florianópolis,-27.62,-48.58,0,797,810,7.435,TARDE
CANASVIEIRAS,Florianópolis,-27.425,-48.47,SAO_JOSE_CENTRO,São José,-27.61,-48.618,0,1861,1905,25.223,TARDE
TRINDADE,Florianópolis,-27.6011,-48.532,SAO_JOSE_BARREIROS,São José,-27.645,-48.65,0,1644,1667,12.609,TARDE
SAO_JOSE_CENTRO,São José,-27.61,-48.618,PALHOCA_PEDRA_BRANCA,Palhoça,-27.625,-48.69,0,1252,1280,7.287,TARDE
INGLESES,Florianópolis,-27.435,-48.395,PALHOCA_CENTRO,Palhoça,-27.645,-48.67,0,1368,1392,35.783,TARDE
JURERE,Florianópolis,-27.44,-48.5,CANASVIEIRAS,Florianópolis,-27.425,-48.47,0,2976,3065,3.398,TARDE
VIA_EXPRESSA_CORREDOR,Florianópolis,-27.62,-48.58,CANASVIEIRAS,Florianópolis,-27.425,-48.47,0,2388,2450,24.245,TARDE
UFSC,Florianópolis,-27.5969,-48.55,SAO_JOSE_BARREIROS,São José,-27.645,-48.65,0,1065,1087,11.21,TARDE
PALHOCA_CENTRO,Palhoça,-27.645,-48.67,RESIDENCIAL_NORTE,Florianópolis,-27.542,-48.5,0,1250,1276,20.294,TARDE
NORTE_ILHA,Florianópolis,-27.48,-48.45,SAO_JOSE_BARREIROS,São José,-27.645,-48.65,0,1413,1446,26.931,TARDE
PALHOCA_PEDRA_BRANCA,Palhoça,-27.625,-48.69,AEROPORTO_HLZ,Florianópolis,-27.67,-48.547,0,2341,2392,14.948,TARDE
AEROPORTO_HLZ,Florianópolis,-27.67,-48.547,PALHOCA_CENTRO,Palhoça,-27.645,-48.67,0,1228,1254,12.429,TARDE
PALHOCA_CENTRO,Palhoça,-27.645,-48.67,ESTREITO_CAPOEIRAS,Florianópolis,-27.588,-48.585,0,2263,2328,10.503,TARDE
SAO_JOSE_BARREIROS,São José,-27.645,-48.65,BIGUACU_BR101_NORTE,Biguaçu,-27.495,-48.655,0,822,843,16.687,TARDE
SAO_JOSE_BARREIROS,São José,-27.645,-48.65,COQUEIROS,Florianópolis,-27.582,-48.57,0,217,217,10.545,TARDE
PALHOCA_PEDRA_BRANCA,Palhoça,-27.625,-48.69,BIGUACU_BR101_NORTE,Biguaçu,-27.495,-48.655,0,1660,1692,14.861,TARDE
UFSC,Florianópolis,-27.5969,-48.55,CENTRO_HISTORICO,Florianópolis,-27.597,-48.5482,0,1039,1061,0.178,TARDE
CANASVIEIRAS,Florianópolis,-27.425,-48.47,CENTRO_HISTORICO,Florianópolis,-27.597,-48.5482,0,659,672,20.622,TARDE
SAO_JOSE_BARREIROS,São José,-27.645,-48.65,RESIDENCIAL_NORTE,Florianópolis,-27.542,-48.5,0,1188,1204,18.7,TARDE
SAO_JOSE_ROÇADO,,0.0,0.0,PALHOCA_PEDRA_BRANCA,Palhoça,-27.625,-48.69,0,2846,2939,0.0,TARDE
SAO_JOSE_BARREIROS,São José,-27.645,-48.65,UFSC,Florianópolis,-27.5969,-48.55,0,982,998,11.21,TARDE
PALHOCA_CENTRO,Palhoça,-27.645,-48.67,BIGUACU_BR101_NORTE,Biguaçu,-27.495,-48.655,0,802,825,16.745,TARDE
PALHOCA_PEDRA_BRANCA,Palhoça,-27.625,-48.69,CANASVIEIRAS,Florianópolis,-27.425,-48.47,0,1227,1244,31.068,TARDE
PALHOCA_PEDRA_BRANCA,Palhoça,-27.625,-48.69,CENTRO_HISTORICO,Florianópolis,-27.597,-48.5482,0,418,423,14.314,TARDE
COQUEIROS,Florianópolis,-27.582,-48.57,VIA_EXPRESSA_CORREDOR,Florianópolis,-27.62,-48.58,0,803,817,4.339,TARDE
CANASVIEIRAS,Florianópolis,-27.425,-48.47,SAO_JOSE_BARREIROS,São José,-27.645,-48.65,0,630,632,30.223,TARDE
PALHOCA_CENTRO,Palhoça,-27.645,-48.67,VIA_EXPRESSA_CORREDOR,Florianópolis,-27.62,-48.58,0,818,838,9.292,TARDE
CENTRO_HISTORICO,Florianópolis,-27.597,-48.5482,SAO_JOSE_CENTRO,São José,-27.61,-48.618,0,618,633,7.028,TARDE
PALHOCA_CENTRO,Palhoça,-27.645,-48.67,NORTE_ILHA,Florianópolis,-27.48,-48.45,0,1342,1354,28.406,TARDE
INGLESES,Florianópolis,-27.435,-48.395,CENTRO_HISTORICO,Florianópolis,-27.597,-48.5482,0,1322,1342,23.51,TARDE
CENTRO_HISTORICO,Florianópolis,-27.597,-48.5482,CANASVIEIRAS,Florianópolis,-27.425,-48.47,0,607,634,20.622,TARDE
SAO_JOSE_BARREIROS,São José,-27.645,-48.65,PALHOCA_CENTRO,Palhoça,-27.645,-48.67,0,208,209,1.97,TARDE
RESIDENCIAL_NORTE,Florianópolis,-27.542,-48.5,COQUEIROS,Florianópolis,-27.582,-48.57,0,1261,1279,8.21,TARDE
PALHOCA_CENTRO,Palhoça,-27.645,-48.67,SAO_JOSE_BARREIROS,São José,-27.645,-48.65,0,212,217,1.97,TARDE
SAO_JOSE_BARREIROS,São José,-27.645,-48.65,JURERE,Florianópolis,-27.44,-48.5,0,929,949,27.172,TARDE
VIA_EXPRESSA_CORREDOR,Florianópolis,-27.62,-48.58,COQUEIROS,Florianópolis,-27.582,-48.57,0,839,844,4.339,TARDE
BIGUACU_BR101_NORTE,Biguaçu,-27.495,-48.655,COQUEIROS,Florianópolis,-27.582,-48.57,0,806,821,12.799,TARDE
PALHOCA_PEDRA_BRANCA,Palhoça,-27.625,-48.69,PALHOCA_CENTRO,Palhoça,-27.645,-48.67,0,412,417,2.971,TARDE
PALHOCA_CENTRO,Palhoça,-27.645,-48.67,TRINDADE,Florianópolis,-27.6011,-48.532,0,1521,1566,14.446,TARDE
PALHOCA_PEDRA_BRANCA,Palhoça,-27.625,-48.69,INGLESES,Florianópolis,-27.435,-48.395,0,2627,2693,35.951,TARDE
SAO_JOSE_BARREIROS,São José,-27.645,-48.65,CANASVIEIRAS,Florianópolis,-27.425,-48.47,0,650,662,30.223,TARDE
CENTRO_HISTORICO,Florianópolis,-27.597,-48.5482,VIA_EXPRESSA_CORREDOR,Florianópolis,-27.62,-48.58,0,815,835,4.045,TARDE
AEROPORTO_HLZ,Florianópolis,-27.67,-48.547,COQUEIROS,Florianópolis,-27.582,-48.57,0,1287,1310,10.044,TARDE
SAO_JOSE_CENTRO,São José,-27.61,-48.618,PALHOCA_CENTRO,Palhoça,-27.645,-48.67,0,611,623,6.434,TARDE
BIGUACU_BR101_NORTE,Biguaçu,-27.495,-48.655,SAO_JOSE_BARREIROS,São José,-27.645,-48.65,0,774,787,16.687,TARDE
TRINDADE,Florianópolis,-27.6011,-48.532,CENTRO_HISTORICO,Florianópolis,-27.597,-48.5482,0,1602,1628,1.66,TARDE
SAO_JOSE_BARREIROS,São José,-27.645,-48.65,CENTRO_HISTORICO,Florianópolis,-27.597,-48.5482,0,195,198,11.361,TARDE
RESIDENCIAL_NORTE,Florianópolis,-27.542,-48.5,PALHOCA_CENTRO,Palhoça,-27.645,-48.67,0,1278,1307,20.294,TARDE
PALHOCA_PEDRA_BRANCA,Palhoça,-27.625,-48.69,SAO_JOSE_BARREIROS,São José,-27.645,-48.65,0,419,425,4.525,TARDE
PALHOCA_CENTRO,Palhoça,-27.645,-48.67,AEROPORTO_HLZ,Florianópolis,-27.67,-48.547,0,1178,1202,12.429,TARDE
PALHOCA_CENTRO,Palhoça,-27.645,-48.67,PALHOCA_PEDRA_BRANCA,Palhoça,-27.625,-48.69,0,399,411,2.971,TARDE
CENTRO_HISTORICO,Florianópolis,-27.597,-48.5482,PALHOCA_CENTRO,Palhoça,-27.645,-48.67,0,212,213,13.133,TARDE
PALHOCA_CENTRO,Palhoça,-27.645,-48.67,COQUEIROS,Florianópolis,-27.582,-48.57,0,212,215,12.089,TARDE
SAO_JOSE_BARREIROS,São José,-27.645,-48.65,PALHOCA_PEDRA_BRANCA,Palhoça,-27.625,-48.69,0,428,433,4.525,TARDE
PALHOCA_CENTRO,Palhoça,-27.645,-48.67,CENTRO_HISTORICO,Florianópolis,-27.597,-48.5482,0,231,232,13.133,TARDE
SAO_JOSE_BARREIROS,São José,-27.645,-48.65,SAO_JOSE_CENTRO,São José,-27.61,-48.618,0,550,561,5.008,TARDE
CENTRO_HISTORICO,Florianópolis,-27.597,-48.5482,UFSC,Florianópolis,-27.5969,-48.55,0,937,953,0.178,TARDE
CANASVIEIRAS,Florianópolis,-27.425,-48.47,COQUEIROS,Florianópolis,-27.582,-48.57,0,601,615,20.051,TARDE
SAO_JOSE_CENTRO,São José,-27.61,-48.618,COQUEIROS,Florianópolis,-27.582,-48.57,0,650,660,5.663,TARDE
COQUEIROS,Florianópolis,-27.582,-48.57,SAO_JOSE_BARREIROS,São José,-27.645,-48.65,0,232,233,10.545,TARDE
CENTRO_HISTORICO,Florianópolis,-27.597,-48.5482,SAO_JOSE_BARREIROS,São José,-27.645,-48.65,0,185,187,11.361,TARDE
COQUEIROS,Florianópolis,-27.582,-48.57,SAO_JOSE_CENTRO,São José,-27.61,-48.618,0,585,592,5.663,TARDE
PALHOCA_CENTRO,Palhoça,-27.645,-48.67,SAO_JOSE_CENTRO,São José,-27.61,-48.618,0,645,656,6.434,TARDE
COQUEIROS,Florianópolis,-27.582,-48.57,PALHOCA_CENTRO,Palhoça,-27.645,-48.67,0,234,237,12.089,TARDE
