cluster_origem,cluster_destino,mesmo_cluster,n_observacoes,dist_media_km,dist_p25_km,dist_p75_km,periodo_predominante
CAMPECHE,UFSC,0,7609,11.53,11.53,11.53,NOITE
UFSC,CBD_BEIRAMAR,0,11205,0.258,0.258,0.258,NOITE
CBD_BEIRAMAR,LAGOA_CONCEICAO,0,16708,8.737,8.737,8.737,NOITE
CAMPECHE,TRINDADE,0,11820,10.159,10.159,10.159,NOITE
TRINDADE,BIGUACU_BR101_NORTE,0,6309,16.918,16.918,16.918,NOITE
BIGUACU_BR101_NORTE,SAO_JOSE_KOBRASOL,0,6567,11.389,11.389,11.389,NOITE
SAO_JOSE_KOBRASOL,ESTREITO_CAPOEIRAS,0,19549,4.502,4.502,4.502,NOITE
ESTREITO_CAPOEIRAS,INGLESES,0,16638,25.309,25.309,25.309,NOITE
INGLESES,TRINDADE,0,10302,22.883,22.883,22.883,NOITE
TRINDADE,JURERE,0,7906,18.189,18.189,18.189,NOITE
SC401_CORREDOR,SAO_JOSE_CENTRO,0,6532,11.316,11.316,11.316,NOITE
SAO_JOSE_CENTRO,INGLESES,0,4032,29.364,29.364,29.364,NOITE
INGLESES,AEROPORTO_HLZ,0,7948,30.122,30.122,30.122,NOITE
AEROPORTO_HLZ,CAMPECHE,0,9076,6.691,6.691,6.691,NOITE
SAO_JOSE_KOBRASOL,CAMPECHE,0,13276,17.54,17.54,17.54,NOITE
CAMPECHE,BIGUACU_BR101_NORTE,0,6405,26.844,26.844,26.844,NOITE
BIGUACU_BR101_NORTE,SC401_CORREDOR,0,7887,15.321,15.321,15.321,NOITE
CBD_BEIRAMAR,RESIDENCIAL_NORTE,0,14584,7.592,7.592,7.592,NOITE
RESIDENCIAL_NORTE,INGLESES,0,7987,15.774,15.774,15.774,NOITE
INGLESES,LAGOA_CONCEICAO,0,9231,19.96,19.96,19.96,NOITE
LAGOA_CONCEICAO,AEROPORTO_HLZ,0,8112,11.211,11.211,11.211,NOITE
AEROPORTO_HLZ,SAO_JOSE_CENTRO,0,3767,9.666,9.666,9.666,NOITE
PALHOCA_PEDRA_BRANCA,ESTREITO_CAPOEIRAS,0,4600,11.134,11.134,11.134,NOITE
ESTREITO_CAPOEIRAS,COQUEIROS,0,2662,1.622,1.622,1.622,NOITE
SC401_CORREDOR,TRINDADE,0,15714,4.774,4.774,4.774,NOITE
TRINDADE,SAO_JOSE_KOBRASOL,0,13024,9.681,9.681,9.681,NOITE
SAO_JOSE_KOBRASOL,CANASVIEIRAS,0,5339,24.624,24.624,24.624,NOITE
TRINDADE,INGLESES,0,10554,22.883,22.883,22.883,NOITE
INGLESES,SC401_CORREDOR,0,13600,18.449,18.449,18.449,NOITE
SC401_CORREDOR,JURERE,0,10503,13.461,13.461,13.461,NOITE
JURERE,CAMPECHE,0,7333,26.76,26.76,26.76,NOITE
CAMPECHE,LAGOA_CONCEICAO,0,10536,8.569,8.569,8.569,NOITE
JURERE,NORTE_ILHA,0,6702,6.642,6.642,6.642,NOITE
NORTE_ILHA,COQUEIROS,0,1492,16.39,16.39,16.39,NOITE
NORTE_ILHA,CBD_BEIRAMAR,0,15600,16.063,16.063,16.063,NOITE
SAO_JOSE_KOBRASOL,SAO_JOSE_CENTRO,0,5349,2.045,2.045,2.045,NOITE
SAO_JOSE_CENTRO,UFSC,0,2934,6.857,6.857,6.857,NOITE
UFSC,LAGOA_CONCEICAO,0,6687,8.914,8.914,8.914,NOITE
LAGOA_CONCEICAO,SAO_JOSE_CENTRO,0,4393,15.578,15.578,15.578,NOITE
SAO_JOSE_CENTRO,NORTE_ILHA,0,3961,21.984,21.984,21.984,NOITE
VIA_EXPRESSA_CORREDOR,TRINDADE,0,6040,5.175,5.175,5.175,NOITE
TRINDADE,LAGOA_CONCEICAO,0,10315,7.108,7.108,7.108,NOITE
SAO_JOSE_KOBRASOL,NORTE_ILHA,0,11796,21.874,21.874,21.874,NOITE
NORTE_ILHA,CANASVIEIRAS,0,4174,6.426,6.426,6.426,NOITE
CBD_BEIRAMAR,UFSC,0,12229,0.258,0.258,0.258,NOITE
TRINDADE,NORTE_ILHA,0,10492,15.706,15.706,15.706,NOITE
NORTE_ILHA,INGLESES,0,9129,7.382,7.382,7.382,NOITE
SC401_CORREDOR,BIGUACU_BR101_NORTE,0,8392,15.321,15.321,15.321,NOITE
BIGUACU_BR101_NORTE,ESTREITO_CAPOEIRAS,0,8994,12.433,12.433,12.433,NOITE
ESTREITO_CAPOEIRAS,UFSC,0,12206,3.588,3.588,3.588,NOITE
SAO_JOSE_KOBRASOL,SC401_CORREDOR,0,17368,11.705,11.705,11.705,NOITE
SC401_CORREDOR,CAMPECHE,0,16048,13.859,13.859,13.859,NOITE
CAMPECHE,CANASVIEIRAS,0,4891,28.372,28.372,28.372,NOITE
CANASVIEIRAS,RESIDENCIAL_NORTE,0,3444,13.342,13.342,13.342,NOITE
TRINDADE,SC401_CORREDOR,0,15578,4.774,4.774,4.774,NOITE
SC401_CORREDOR,NORTE_ILHA,0,14486,11.14,11.14,11.14,NOITE
NORTE_ILHA,SAO_JOSE_KOBRASOL,0,11697,21.874,21.874,21.874,NOITE
CANASVIEIRAS,BIGUACU_BR101_NORTE,0,2358,19.844,19.844,19.844,NOITE
ESTREITO_CAPOEIRAS,VIA_EXPRESSA_CORREDOR,0,9991,3.592,3.592,3.592,NOITE
SC401_CORREDOR,SAO_JOSE_KOBRASOL,0,17760,11.705,11.705,11.705,NOITE
ESTREITO_CAPOEIRAS,TRINDADE,0,18644,5.422,5.422,5.422,NOITE
NORTE_ILHA,CAMPECHE,0,10404,22.435,22.435,22.435,NOITE
CAMPECHE,SAO_JOSE_CENTRO,0,4974,15.664,15.664,15.664,NOITE
JURERE,CBD_BEIRAMAR,0,11128,17.916,17.916,17.916,NOITE
CBD_BEIRAMAR,SC401_CORREDOR,0,24631,4.923,4.923,4.923,NOITE
SAO_JOSE_KOBRASOL,INGLESES,0,11697,29.217,29.217,29.217,NOITE
INGLESES,CBD_BEIRAMAR,0,15496,23.362,23.362,23.362,NOITE
CBD_BEIRAMAR,SAO_JOSE_CENTRO,0,7502,7.086,7.086,7.086,NOITE
SAO_JOSE_CENTRO,RESIDENCIAL_NORTE,0,3528,13.872,13.872,13.872,NOITE
TRINDADE,PALHOCA_CENTRO,0,1636,14.446,14.446,14.446,NOITE
PALHOCA_CENTRO,CAMPECHE,0,1545,19.113,19.113,19.113,NOITE
CAMPECHE,ESTREITO_CAPOEIRAS,0,17522,14.548,14.548,14.548,NOITE
ESTREITO_CAPOEIRAS,SC401_CORREDOR,0,24306,7.301,7.301,7.301,NOITE
SC401_CORREDOR,CBD_BEIRAMAR,0,24097,4.923,4.923,4.923,NOITE
JURERE,AEROPORTO_HLZ,0,5759,25.991,25.991,25.991,NOITE
AEROPORTO_HLZ,ESTREITO_CAPOEIRAS,0,13288,9.857,9.857,9.857,NOITE
ESTREITO_CAPOEIRAS,SAO_JOSE_KOBRASOL,0,20940,4.502,4.502,4.502,NOITE
CBD_BEIRAMAR,CAMPECHE,0,18842,11.548,11.548,11.548,NOITE
CAMPECHE,SC401_CORREDOR,0,15578,13.859,13.859,13.859,NOITE
SC401_CORREDOR,UFSC,0,10651,5.175,5.175,5.175,NOITE
UFSC,SAO_JOSE_KOBRASOL,0,8210,7.886,7.886,7.886,NOITE
TRINDADE,ESTREITO_CAPOEIRAS,0,17482,5.422,5.422,5.422,NOITE
ESTREITO_CAPOEIRAS,RESIDENCIAL_NORTE,0,14443,9.817,9.817,9.817,NOITE
RESIDENCIAL_NORTE,SC401_CORREDOR,0,11605,2.675,2.675,2.675,NOITE
SC401_CORREDOR,LAGOA_CONCEICAO,0,14239,7.597,7.597,7.597,NOITE
LAGOA_CONCEICAO,CBD_BEIRAMAR,0,15184,8.737,8.737,8.737,NOITE
SC401_CORREDOR,INGLESES,0,14328,18.449,18.449,18.449,NOITE
CANASVIEIRAS,NORTE_ILHA,0,4036,6.426,6.426,6.426,NOITE
INGLESES,CAMPECHE,0,10411,28.502,28.502,28.502,NOITE
AEROPORTO_HLZ,CANASVIEIRAS,0,3689,28.281,28.281,28.281,NOITE
CANASVIEIRAS,SC401_CORREDOR,0,5983,15.74,15.74,15.74,NOITE
SAO_JOSE_CENTRO,TRINDADE,0,4586,8.532,8.532,8.532,NOITE
COQUEIROS,LAGOA_CONCEICAO,0,1344,11.138,11.138,11.138,NOITE
LAGOA_CONCEICAO,JURERE,0,6710,18.766,18.766,18.766,NOITE
CBD_BEIRAMAR,AEROPORTO_HLZ,0,14428,8.296,8.296,8.296,NOITE
TRINDADE,VIA_EXPRESSA_CORREDOR,0,6271,5.175,5.175,5.175,NOITE
VIA_EXPRESSA_CORREDOR,SC401_CORREDOR,0,7733,9.047,9.047,9.047,NOITE
SAO_JOSE_CENTRO,CBD_BEIRAMAR,0,6693,7.086,7.086,7.086,NOITE
CBD_BEIRAMAR,SAO_JOSE_KOBRASOL,0,20593,8.081,8.081,8.081,NOITE
ESTREITO_CAPOEIRAS,CENTRO_HISTORICO,0,2636,3.762,3.762,3.762,NOITE
CENTRO_HISTORICO,LAGOA_CONCEICAO,0,1319,8.737,8.737,8.737,NOITE
ESTREITO_CAPOEIRAS,LAGOA_CONCEICAO,0,16713,12.462,12.462,12.462,NOITE
LAGOA_CONCEICAO,SAO_JOSE_BARREIROS,0,1414,19.24,19.24,19.24,NOITE
CANASVIEIRAS,UFSC,0,3013,20.679,20.679,20.679,NOITE
AEROPORTO_HLZ,UFSC,0,5910,8.134,8.134,8.134,NOITE
SAO_JOSE_KOBRASOL,LAGOA_CONCEICAO,0,11818,16.789,16.789,16.789,NOITE
JURERE,VIA_EXPRESSA_CORREDOR,0,4070,21.513,21.513,21.513,NOITE
VIA_EXPRESSA_CORREDOR,CAMPECHE,0,6146,11.897,11.897,11.897,NOITE
ESTREITO_CAPOEIRAS,PALHOCA_CENTRO,0,2611,10.503,10.503,10.503,NOITE
CBD_BEIRAMAR,CANASVIEIRAS,0,7338,20.45,20.45,20.45,NOITE
VIA_EXPRESSA_CORREDOR,AEROPORTO_HLZ,0,4765,6.44,6.44,6.44,NOITE
LAGOA_CONCEICAO,CANASVIEIRAS,0,4225,20.039,20.039,20.039,NOITE
PALHOCA_PEDRA_BRANCA,LAGOA_CONCEICAO,0,2662,22.77,22.77,22.77,NOITE
LAGOA_CONCEICAO,CAMPECHE,0,10528,8.569,8.569,8.569,NOITE
CANASVIEIRAS,CBD_BEIRAMAR,0,6716,20.45,20.45,20.45,NOITE
SAO_JOSE_KOBRASOL,VIA_EXPRESSA_CORREDOR,0,7131,5.657,5.657,5.657,NOITE
VIA_EXPRESSA_CORREDOR,SAO_JOSE_BARREIROS,0,878,7.435,7.435,7.435,NOITE
ESTREITO_CAPOEIRAS,CAMPECHE,0,18687,14.548,14.548,14.548,NOITE
CBD_BEIRAMAR,SAO_JOSE_BARREIROS,0,2633,11.463,11.463,11.463,NOITE
CBD_BEIRAMAR,TRINDADE,0,18672,1.699,1.699,1.699,NOITE
CBD_BEIRAMAR,INGLESES,0,16628,23.362,23.362,23.362,NOITE
INGLESES,ESTREITO_CAPOEIRAS,0,15481,25.309,25.309,25.309,NOITE
INGLESES,BIGUACU_BR101_NORTE,0,5475,26.506,26.506,26.506,NOITE
BIGUACU_BR101_NORTE,VIA_EXPRESSA_CORREDOR,0,3236,15.743,15.743,15.743,NOITE
AEROPORTO_HLZ,CBD_BEIRAMAR,0,13375,8.296,8.296,8.296,NOITE
CAMPECHE,CBD_BEIRAMAR,0,17438,11.548,11.548,11.548,NOITE
CAMPECHE,AEROPORTO_HLZ,0,9216,6.691,6.691,6.691,NOITE
COQUEIROS,CBD_BEIRAMAR,0,2220,2.631,2.631,2.631,NOITE
NORTE_ILHA,TRINDADE,0,10462,15.706,15.706,15.706,NOITE
INGLESES,SAO_JOSE_KOBRASOL,0,11360,29.217,29.217,29.217,NOITE
CAMPECHE,NORTE_ILHA,0,10536,22.435,22.435,22.435,NOITE
SC401_CORREDOR,ESTREITO_CAPOEIRAS,0,23946,7.301,7.301,7.301,NOITE
ESTREITO_CAPOEIRAS,AEROPORTO_HLZ,0,14461,9.857,9.857,9.857,NOITE
CAMPECHE,RESIDENCIAL_NORTE,0,9135,15.471,15.471,15.471,NOITE
RESIDENCIAL_NORTE,ESTREITO_CAPOEIRAS,0,13212,9.817,9.817,9.817,NOITE
LAGOA_CONCEICAO,ESTREITO_CAPOEIRAS,0,15479,12.462,12.462,12.462,NOITE
SAO_JOSE_KOBRASOL,SAO_JOSE_BARREIROS,0,1821,5.899,5.899,5.899,NOITE
SAO_JOSE_BARREIROS,NORTE_ILHA,0,1392,26.931,26.931,26.931,NOITE
CAMPECHE,SAO_JOSE_KOBRASOL,0,13279,17.54,17.54,17.54,NOITE
SAO_JOSE_KOBRASOL,TRINDADE,0,13123,9.681,9.681,9.681,NOITE
LAGOA_CONCEICAO,SAO_JOSE_KOBRASOL,0,11535,16.789,16.789,16.789,NOITE
SAO_JOSE_KOBRASOL,AEROPORTO_HLZ,0,10479,11.679,11.679,11.679,NOITE
UFSC,TRINDADE,0,7459,1.834,1.834,1.834,NOITE
VIA_EXPRESSA_CORREDOR,CBD_BEIRAMAR,0,9023,4.174,4.174,4.174,NOITE
TRINDADE,UFSC,0,7703,1.834,1.834,1.834,NOITE
CBD_BEIRAMAR,NORTE_ILHA,0,16624,16.063,16.063,16.063,NOITE
TRINDADE,CBD_BEIRAMAR,0,17583,1.699,1.699,1.699,NOITE
CBD_BEIRAMAR,VIA_EXPRESSA_CORREDOR,0,9861,4.174,4.174,4.174,NOITE
RESIDENCIAL_NORTE,SAO_JOSE_KOBRASOL,0,9909,14.104,14.104,14.104,NOITE
INGLESES,COQUEIROS,0,1467,23.771,23.771,23.771,NOITE
TRINDADE,AEROPORTO_HLZ,0,9220,7.803,7.803,7.803,NOITE
ESTREITO_CAPOEIRAS,NORTE_ILHA,0,16771,17.928,17.928,17.928,NOITE
LAGOA_CONCEICAO,NORTE_ILHA,0,9406,13.934,13.934,13.934,NOITE
NORTE_ILHA,LAGOA_CONCEICAO,0,9389,13.934,13.934,13.934,NOITE
BIGUACU_BR101_NORTE,NORTE_ILHA,0,5350,20.29,20.29,20.29,NOITE
NORTE_ILHA,UFSC,0,6785,16.315,16.315,16.315,NOITE
UFSC,JURERE,0,4978,18.13,18.13,18.13,NOITE
JURERE,TRINDADE,0,7508,18.189,18.189,18.189,NOITE
INGLESES,CANASVIEIRAS,0,4342,7.485,7.485,7.485,NOITE
NORTE_ILHA,SC401_CORREDOR,0,13681,11.14,11.14,11.14,NOITE
UFSC,INGLESES,0,6645,23.616,23.616,23.616,NOITE
SAO_JOSE_BARREIROS,CAMPECHE,0,1548,17.189,17.189,17.189,NOITE
CANASVIEIRAS,JURERE,0,2962,3.398,3.398,3.398,NOITE
AEROPORTO_HLZ,JURERE,0,5821,25.991,25.991,25.991,NOITE
CBD_BEIRAMAR,ESTREITO_CAPOEIRAS,0,28098,3.738,3.738,3.738,NOITE
UFSC,ESTREITO_CAPOEIRAS,0,11084,3.588,3.588,3.588,NOITE
VIA_EXPRESSA_CORREDOR,JURERE,0,4016,21.513,21.513,21.513,NOITE
JURERE,PALHOCA_CENTRO,0,1033,28.294,28.294,28.294,NOITE
PALHOCA_CENTRO,INGLESES,0,1387,35.783,35.783,35.783,NOITE
RESIDENCIAL_NORTE,CBD_BEIRAMAR,0,13277,7.592,7.592,7.592,NOITE
CBD_BEIRAMAR,JURERE,0,12282,17.916,17.916,17.916,NOITE
JURERE,PALHOCA_PEDRA_BRANCA,0,2107,27.823,27.823,27.823,NOITE
UFSC,SC401_CORREDOR,0,9727,5.175,5.175,5.175,NOITE
LAGOA_CONCEICAO,SC401_CORREDOR,0,13735,7.597,7.597,7.597,NOITE
INGLESES,RESIDENCIAL_NORTE,0,8153,15.774,15.774,15.774,NOITE
CAMPECHE,INGLESES,0,10265,28.502,28.502,28.502,NOITE
ESTREITO_CAPOEIRAS,CBD_BEIRAMAR,0,28288,3.738,3.738,3.738,NOITE
VIA_EXPRESSA_CORREDOR,LAGOA_CONCEICAO,0,5509,11.941,11.941,11.941,NOITE
AEROPORTO_HLZ,SC401_CORREDOR,0,11662,12.561,12.561,12.561,NOITE
SAO_JOSE_KOBRASOL,CBD_BEIRAMAR,0,19828,8.081,8.081,8.081,NOITE
SC401_CORREDOR,RESIDENCIAL_NORTE,0,12329,2.675,2.675,2.675,NOITE
LAGOA_CONCEICAO,TRINDADE,0,10545,7.108,7.108,7.108,NOITE
ESTREITO_CAPOEIRAS,JURERE,0,12126,18.469,18.469,18.469,NOITE
TRINDADE,CAMPECHE,0,11966,10.159,10.159,10.159,NOITE
JURERE,BIGUACU_BR101_NORTE,0,3956,16.47,16.47,16.47,NOITE
BIGUACU_BR101_NORTE,RESIDENCIAL_NORTE,0,4760,16.154,16.154,16.154,NOITE
CBD_BEIRAMAR,CENTRO_HISTORICO,0,2629,0.179,0.179,0.179,NOITE
SAO_JOSE_KOBRASOL,RESIDENCIAL_NORTE,0,10324,14.104,14.104,14.104,NOITE
NORTE_ILHA,JURERE,0,6934,6.642,6.642,6.642,NOITE
JURERE,SC401_CORREDOR,0,9754,13.461,13.461,13.461,NOITE
JURERE,INGLESES,0,6453,10.377,10.377,10.377,NOITE
SAO_JOSE_KOBRASOL,CENTRO_HISTORICO,0,1876,8.064,8.064,8.064,NOITE
CENTRO_HISTORICO,RESIDENCIAL_NORTE,0,1151,7.744,7.744,7.744,NOITE
RESIDENCIAL_NORTE,CAMPECHE,0,8922,15.471,15.471,15.471,NOITE
RESIDENCIAL_NORTE,UFSC,0,5900,7.846,7.846,7.846,NOITE
UFSC,AEROPORTO_HLZ,0,5828,8.134,8.134,8.134,NOITE
PALHOCA_CENTRO,SC401_CORREDOR,0,1908,17.711,17.711,17.711,NOITE
NORTE_ILHA,RESIDENCIAL_NORTE,0,8243,8.476,8.476,8.476,NOITE
RESIDENCIAL_NORTE,LAGOA_CONCEICAO,0,8124,8.039,8.039,8.039,NOITE
AEROPORTO_HLZ,NORTE_ILHA,0,7955,23.19,23.19,23.19,NOITE
CBD_BEIRAMAR,PALHOCA_PEDRA_BRANCA,0,5152,14.373,14.373,14.373,NOITE
SC401_CORREDOR,SAO_JOSE_BARREIROS,0,2198,16.079,16.079,16.079,NOITE
SAO_JOSE_BARREIROS,SAO_JOSE_KOBRASOL,0,1702,5.899,5.899,5.899,NOITE
NORTE_ILHA,VIA_EXPRESSA_CORREDOR,0,5646,20.164,20.164,20.164,NOITE
JURERE,RESIDENCIAL_NORTE,0,5723,11.342,11.342,11.342,NOITE
RESIDENCIAL_NORTE,NORTE_ILHA,0,8099,8.476,8.476,8.476,NOITE
SAO_JOSE_CENTRO,VIA_EXPRESSA_CORREDOR,0,2407,3.906,3.906,3.906,NOITE
VIA_EXPRESSA_CORREDOR,SAO_JOSE_KOBRASOL,0,6698,5.657,5.657,5.657,NOITE
SAO_JOSE_KOBRASOL,BIGUACU_BR101_NORTE,0,7102,11.389,11.389,11.389,NOITE
BIGUACU_BR101_NORTE,CENTRO_HISTORICO,0,870,15.476,15.476,15.476,NOITE
CENTRO_HISTORICO,AEROPORTO_HLZ,0,1217,8.118,8.118,8.118,NOITE
JURERE,LAGOA_CONCEICAO,0,6718,18.766,18.766,18.766,NOITE
LAGOA_CONCEICAO,BIGUACU_BR101_NORTE,0,5640,22.786,22.786,22.786,NOITE
BIGUACU_BR101_NORTE,CAMPECHE,0,6067,26.844,26.844,26.844,NOITE
TRINDADE,RESIDENCIAL_NORTE,0,9186,7.289,7.289,7.289,NOITE
NORTE_ILHA,CENTRO_HISTORICO,0,1426,16.217,16.217,16.217,NOITE
CENTRO_HISTORICO,CBD_BEIRAMAR,0,2347,0.179,0.179,0.179,NOITE
RESIDENCIAL_NORTE,JURERE,0,5907,11.342,11.342,11.342,NOITE
BIGUACU_BR101_NORTE,JURERE,0,3923,16.47,16.47,16.47,NOITE
CENTRO_HISTORICO,NORTE_ILHA,0,1330,16.217,16.217,16.217,NOITE
SC401_CORREDOR,AEROPORTO_HLZ,0,12264,12.561,12.561,12.561,NOITE
AEROPORTO_HLZ,SAO_JOSE_KOBRASOL,0,9879,11.679,11.679,11.679,NOITE
CBD_BEIRAMAR,COQUEIROS,0,2690,2.631,2.631,2.631,NOITE
COQUEIROS,UFSC,0,1012,2.575,2.575,2.575,NOITE
JURERE,SAO_JOSE_CENTRO,0,2999,22.197,22.197,22.197,NOITE
BIGUACU_BR101_NORTE,TRINDADE,0,5951,16.918,16.918,16.918,NOITE
TRINDADE,SAO_JOSE_CENTRO,0,4774,8.532,8.532,8.532,NOITE
SAO_JOSE_CENTRO,SAO_JOSE_KOBRASOL,0,4910,2.045,2.045,2.045,NOITE
AEROPORTO_HLZ,VIA_EXPRESSA_CORREDOR,0,4764,6.44,6.44,6.44,NOITE
VIA_EXPRESSA_CORREDOR,NORTE_ILHA,0,5381,20.164,20.164,20.164,NOITE
SC401_CORREDOR,COQUEIROS,0,2247,5.679,5.679,5.679,NOITE
COQUEIROS,SAO_JOSE_KOBRASOL,0,1716,6.087,6.087,6.087,NOITE
CENTRO_HISTORICO,PALHOCA_PEDRA_BRANCA,0,423,14.314,14.314,14.314,NOITE
AEROPORTO_HLZ,LAGOA_CONCEICAO,0,7955,11.211,11.211,11.211,NOITE
CENTRO_HISTORICO,TRINDADE,0,1536,1.66,1.66,1.66,NOITE
UFSC,VIA_EXPRESSA_CORREDOR,0,4036,3.916,3.916,3.916,NOITE
VIA_EXPRESSA_CORREDOR,ESTREITO_CAPOEIRAS,0,8973,3.592,3.592,3.592,NOITE
INGLESES,SAO_JOSE_CENTRO,0,4269,29.364,29.364,29.364,NOITE
RESIDENCIAL_NORTE,AEROPORTO_HLZ,0,6894,14.967,14.967,14.967,NOITE
CANASVIEIRAS,ESTREITO_CAPOEIRAS,0,6622,21.381,21.381,21.381,NOITE
INGLESES,UFSC,0,6957,23.616,23.616,23.616,NOITE
UFSC,RESIDENCIAL_NORTE,0,5883,7.846,7.846,7.846,NOITE
RESIDENCIAL_NORTE,TRINDADE,0,8854,7.289,7.289,7.289,NOITE
COQUEIROS,TRINDADE,0,1611,4.305,4.305,4.305,NOITE
VIA_EXPRESSA_CORREDOR,INGLESES,0,5413,27.494,27.494,27.494,NOITE
CAMPECHE,JURERE,0,7726,26.76,26.76,26.76,NOITE
COQUEIROS,JURERE,0,1008,17.233,17.233,17.233,NOITE
CAMPECHE,VIA_EXPRESSA_CORREDOR,0,6344,11.897,11.897,11.897,NOITE
RESIDENCIAL_NORTE,BIGUACU_BR101_NORTE,0,4854,16.154,16.154,16.154,NOITE
SAO_JOSE_CENTRO,ESTREITO_CAPOEIRAS,0,6739,4.069,4.069,4.069,NOITE
PALHOCA_PEDRA_BRANCA,NORTE_ILHA,0,2783,28.631,28.631,28.631,NOITE
NORTE_ILHA,ESTREITO_CAPOEIRAS,0,15486,17.928,17.928,17.928,NOITE
ESTREITO_CAPOEIRAS,SAO_JOSE_BARREIROS,0,2647,9.01,9.01,9.01,NOITE
LAGOA_CONCEICAO,PALHOCA_PEDRA_BRANCA,0,2924,22.77,22.77,22.77,NOITE
PALHOCA_PEDRA_BRANCA,UFSC,0,2090,14.144,14.144,14.144,NOITE
SAO_JOSE_KOBRASOL,PALHOCA_CENTRO,0,1884,6.815,6.815,6.815,NOITE
PALHOCA_CENTRO,UFSC,0,1026,12.976,12.976,12.976,NOITE
INGLESES,SAO_JOSE_BARREIROS,0,1512,34.313,34.313,34.313,NOITE
SAO_JOSE_BARREIROS,INGLESES,0,1410,34.313,34.313,34.313,NOITE
COQUEIROS,BIGUACU_BR101_NORTE,0,752,12.799,12.799,12.799,NOITE
CAMPECHE,CENTRO_HISTORICO,0,1679,11.415,11.415,11.415,NOITE
PALHOCA_PEDRA_BRANCA,SAO_JOSE_KOBRASOL,0,3385,6.788,6.788,6.788,NOITE
JURERE,UFSC,0,4892,18.13,18.13,18.13,NOITE
ESTREITO_CAPOEIRAS,BIGUACU_BR101_NORTE,0,10028,12.433,12.433,12.433,NOITE
BIGUACU_BR101_NORTE,INGLESES,0,5305,26.506,26.506,26.506,NOITE
RESIDENCIAL_NORTE,SAO_JOSE_BARREIROS,0,1239,18.7,18.7,18.7,NOITE
SAO_JOSE_BARREIROS,LAGOA_CONCEICAO,0,1382,19.24,19.24,19.24,NOITE
BIGUACU_BR101_NORTE,LAGOA_CONCEICAO,0,5480,22.786,22.786,22.786,NOITE
CANASVIEIRAS,SAO_JOSE_KOBRASOL,0,4894,24.624,24.624,24.624,NOITE
ESTREITO_CAPOEIRAS,PALHOCA_PEDRA_BRANCA,0,5120,11.134,11.134,11.134,NOITE
PALHOCA_PEDRA_BRANCA,SAO_JOSE_CENTRO,0,1226,7.287,7.287,7.287,NOITE
SAO_JOSE_CENTRO,SC401_CORREDOR,0,5926,11.316,11.316,11.316,NOITE
UFSC,CANASVIEIRAS,0,2980,20.679,20.679,20.679,NOITE
SAO_JOSE_CENTRO,JURERE,0,2918,22.197,22.197,22.197,NOITE
BIGUACU_BR101_NORTE,UFSC,0,3923,15.348,15.348,15.348,NOITE
BIGUACU_BR101_NORTE,CBD_BEIRAMAR,0,8812,15.36,15.36,15.36,NOITE
SAO_JOSE_CENTRO,CAMPECHE,0,4536,15.664,15.664,15.664,NOITE
LAGOA_CONCEICAO,VIA_EXPRESSA_CORREDOR,0,5618,11.941,11.941,11.941,NOITE
VIA_EXPRESSA_CORREDOR,BIGUACU_BR101_NORTE,0,3258,15.743,15.743,15.743,NOITE
AEROPORTO_HLZ,BIGUACU_BR101_NORTE,0,4788,22.18,22.18,22.18,NOITE
CBD_BEIRAMAR,BIGUACU_BR101_NORTE,0,9865,15.36,15.36,15.36,NOITE
BIGUACU_BR101_NORTE,PALHOCA_PEDRA_BRANCA,0,1668,14.861,14.861,14.861,NOITE
PALHOCA_PEDRA_BRANCA,RESIDENCIAL_NORTE,0,2366,20.877,20.877,20.877,NOITE
NORTE_ILHA,SAO_JOSE_CENTRO,0,4133,21.984,21.984,21.984,NOITE
SAO_JOSE_CENTRO,BIGUACU_BR101_NORTE,0,2461,13.297,13.297,13.297,NOITE
COQUEIROS,SC401_CORREDOR,0,1974,5.679,5.679,5.679,NOITE
NORTE_ILHA,BIGUACU_BR101_NORTE,0,5509,20.29,20.29,20.29,NOITE
AEROPORTO_HLZ,RESIDENCIAL_NORTE,0,6970,14.967,14.967,14.967,NOITE
RESIDENCIAL_NORTE,VIA_EXPRESSA_CORREDOR,0,4743,11.721,11.721,11.721,NOITE
RESIDENCIAL_NORTE,CANASVIEIRAS,0,3638,13.342,13.342,13.342,NOITE
CANASVIEIRAS,LAGOA_CONCEICAO,0,4004,20.039,20.039,20.039,NOITE
RESIDENCIAL_NORTE,PALHOCA_PEDRA_BRANCA,0,2465,20.877,20.877,20.877,NOITE
SAO_JOSE_KOBRASOL,COQUEIROS,0,1841,6.087,6.087,6.087,NOITE
COQUEIROS,CAMPECHE,0,1587,14.048,14.048,14.048,NOITE
PALHOCA_PEDRA_BRANCA,CBD_BEIRAMAR,0,4447,14.373,14.373,14.373,NOITE
JURERE,COQUEIROS,0,1042,17.233,17.233,17.233,NOITE
BIGUACU_BR101_NORTE,AEROPORTO_HLZ,0,4790,22.18,22.18,22.18,NOITE
RESIDENCIAL_NORTE,SAO_JOSE_CENTRO,0,3699,13.872,13.872,13.872,NOITE
LAGOA_CONCEICAO,INGLESES,0,9313,19.96,19.96,19.96,NOITE
AEROPORTO_HLZ,TRINDADE,0,9116,7.803,7.803,7.803,NOITE
JURERE,SAO_JOSE_KOBRASOL,0,8417,21.48,21.48,21.48,NOITE
LAGOA_CONCEICAO,PALHOCA_CENTRO,0,1474,21.162,21.162,21.162,NOITE
PALHOCA_CENTRO,SAO_JOSE_KOBRASOL,0,1640,6.815,6.815,6.815,NOITE
CAMPECHE,PALHOCA_PEDRA_BRANCA,0,3289,21.569,21.569,21.569,NOITE
VIA_EXPRESSA_CORREDOR,UFSC,0,3944,3.916,3.916,3.916,NOITE
CANASVIEIRAS,AEROPORTO_HLZ,0,3539,28.281,28.281,28.281,NOITE
CANASVIEIRAS,TRINDADE,0,4457,20.514,20.514,20.514,NOITE
COQUEIROS,INGLESES,0,1377,23.771,23.771,23.771,NOITE
LAGOA_CONCEICAO,UFSC,0,6855,8.914,8.914,8.914,NOITE
ESTREITO_CAPOEIRAS,SAO_JOSE_CENTRO,0,7514,4.069,4.069,4.069,NOITE
UFSC,CAMPECHE,0,7564,11.53,11.53,11.53,NOITE
UFSC,PALHOCA_CENTRO,0,1065,12.976,12.976,12.976,NOITE
LAGOA_CONCEICAO,RESIDENCIAL_NORTE,0,8018,8.039,8.039,8.039,NOITE
SC401_CORREDOR,PALHOCA_PEDRA_BRANCA,0,4344,18.427,18.427,18.427,NOITE
COQUEIROS,PALHOCA_PEDRA_BRANCA,0,445,12.755,12.755,12.755,NOITE
PALHOCA_PEDRA_BRANCA,VIA_EXPRESSA_CORREDOR,0,1692,10.852,10.852,10.852,NOITE
CAMPECHE,COQUEIROS,0,1649,14.048,14.048,14.048,NOITE
COQUEIROS,CANASVIEIRAS,0,618,20.051,20.051,20.051,NOITE
AEROPORTO_HLZ,INGLESES,0,8064,30.122,30.122,30.122,NOITE
SAO_JOSE_KOBRASOL,UFSC,0,8827,7.886,7.886,7.886,NOITE
JURERE,ESTREITO_CAPOEIRAS,0,11081,18.469,18.469,18.469,NOITE
SAO_JOSE_CENTRO,LAGOA_CONCEICAO,0,3925,15.578,15.578,15.578,NOITE
SC401_CORREDOR,VIA_EXPRESSA_CORREDOR,0,8545,9.047,9.047,9.047,NOITE
AEROPORTO_HLZ,SAO_JOSE_BARREIROS,0,1215,10.518,10.518,10.518,NOITE
BIGUACU_BR101_NORTE,CANASVIEIRAS,0,2427,19.844,19.844,19.844,NOITE
UFSC,NORTE_ILHA,0,6854,16.315,16.315,16.315,NOITE
SAO_JOSE_CENTRO,CANASVIEIRAS,0,1819,25.223,25.223,25.223,NOITE
SC401_CORREDOR,PALHOCA_CENTRO,0,2233,17.711,17.711,17.711,NOITE
VIA_EXPRESSA_CORREDOR,RESIDENCIAL_NORTE,0,4778,11.721,11.721,11.721,NOITE
RESIDENCIAL_NORTE,CENTRO_HISTORICO,0,1255,7.744,7.744,7.744,NOITE
CENTRO_HISTORICO,ESTREITO_CAPOEIRAS,0,2326,3.762,3.762,3.762,NOITE
TRINDADE,PALHOCA_PEDRA_BRANCA,0,3261,15.793,15.793,15.793,NOITE
PALHOCA_PEDRA_BRANCA,CAMPECHE,0,3016,21.569,21.569,21.569,NOITE
CAMPECHE,SAO_JOSE_BARREIROS,0,1648,17.189,17.189,17.189,NOITE
JURERE,CENTRO_HISTORICO,0,1062,18.093,18.093,18.093,NOITE
CENTRO_HISTORICO,BIGUACU_BR101_NORTE,0,817,15.476,15.476,15.476,NOITE
NORTE_ILHA,PALHOCA_PEDRA_BRANCA,0,2708,28.631,28.631,28.631,NOITE
INGLESES,VIA_EXPRESSA_CORREDOR,0,5667,27.494,27.494,27.494,NOITE
SAO_JOSE_CENTRO,AEROPORTO_HLZ,0,3649,9.666,9.666,9.666,NOITE
CANASVIEIRAS,CAMPECHE,0,4548,28.372,28.372,28.372,NOITE
VIA_EXPRESSA_CORREDOR,SAO_JOSE_CENTRO,0,2412,3.906,3.906,3.906,NOITE
CANASVIEIRAS,VIA_EXPRESSA_CORREDOR,0,2440,24.245,24.245,24.245,NOITE
COQUEIROS,NORTE_ILHA,0,1387,16.39,16.39,16.39,NOITE
NORTE_ILHA,PALHOCA_CENTRO,0,1458,28.406,28.406,28.406,NOITE
ESTREITO_CAPOEIRAS,CANASVIEIRAS,0,7733,21.381,21.381,21.381,NOITE
SAO_JOSE_BARREIROS,CBD_BEIRAMAR,0,2329,11.463,11.463,11.463,NOITE
TRINDADE,COQUEIROS,0,1663,4.305,4.305,4.305,NOITE
COQUEIROS,ESTREITO_CAPOEIRAS,0,2257,1.622,1.622,1.622,NOITE
JURERE,SAO_JOSE_BARREIROS,0,1103,27.172,27.172,27.172,NOITE
CBD_BEIRAMAR,PALHOCA_CENTRO,0,2563,13.225,13.225,13.225,NOITE
CENTRO_HISTORICO,CAMPECHE,0,1489,11.415,11.415,11.415,NOITE
SAO_JOSE_BARREIROS,TRINDADE,0,1516,12.609,12.609,12.609,NOITE
SAO_JOSE_KOBRASOL,JURERE,0,8772,21.48,21.48,21.48,NOITE
AEROPORTO_HLZ,PALHOCA_PEDRA_BRANCA,0,2439,14.948,14.948,14.948,NOITE
LAGOA_CONCEICAO,CENTRO_HISTORICO,0,1508,8.737,8.737,8.737,NOITE
CENTRO_HISTORICO,JURERE,0,961,18.093,18.093,18.093,NOITE
INGLESES,NORTE_ILHA,0,9258,7.382,7.382,7.382,NOITE
SC401_CORREDOR,CENTRO_HISTORICO,0,2280,5.078,5.078,5.078,NOITE
CANASVIEIRAS,PALHOCA_PEDRA_BRANCA,0,1236,31.068,31.068,31.068,NOITE
UFSC,PALHOCA_PEDRA_BRANCA,0,2081,14.144,14.144,14.144,NOITE
PALHOCA_PEDRA_BRANCA,JURERE,0,1983,27.823,27.823,27.823,NOITE
SC401_CORREDOR,CANASVIEIRAS,0,6543,15.74,15.74,15.74,NOITE
SAO_JOSE_CENTRO,CENTRO_HISTORICO,0,682,7.028,7.028,7.028,NOITE
CENTRO_HISTORICO,SC401_CORREDOR,0,1932,5.078,5.078,5.078,NOITE
CAMPECHE,PALHOCA_CENTRO,0,1635,19.113,19.113,19.113,NOITE
CANASVIEIRAS,INGLESES,0,4065,7.485,7.485,7.485,NOITE
BIGUACU_BR101_NORTE,SAO_JOSE_CENTRO,0,2465,13.297,13.297,13.297,NOITE
INGLESES,JURERE,0,6835,10.377,10.377,10.377,NOITE
VIA_EXPRESSA_CORREDOR,PALHOCA_CENTRO,0,828,9.292,9.292,9.292,NOITE
UFSC,BIGUACU_BR101_NORTE,0,4022,15.348,15.348,15.348,NOITE
LAGOA_CONCEICAO,COQUEIROS,0,1434,11.138,11.138,11.138,NOITE
COQUEIROS,AEROPORTO_HLZ,0,1253,10.044,10.044,10.044,NOITE
NORTE_ILHA,AEROPORTO_HLZ,0,8159,23.19,23.19,23.19,NOITE
VIA_EXPRESSA_CORREDOR,CENTRO_HISTORICO,0,893,4.045,4.045,4.045,NOITE
SAO_JOSE_BARREIROS,AEROPORTO_HLZ,0,1223,10.518,10.518,10.518,NOITE
SAO_JOSE_KOBRASOL,PALHOCA_PEDRA_BRANCA,0,3521,6.788,6.788,6.788,NOITE
PALHOCA_CENTRO,LAGOA_CONCEICAO,0,1308,21.162,21.162,21.162,NOITE
CENTRO_HISTORICO,SAO_JOSE_KOBRASOL,0,1680,8.064,8.064,8.064,NOITE
UFSC,SAO_JOSE_CENTRO,0,3047,6.857,6.857,6.857,NOITE
SAO_JOSE_CENTRO,SAO_JOSE_BARREIROS,0,664,5.008,5.008,5.008,NOITE
BIGUACU_BR101_NORTE,PALHOCA_CENTRO,0,867,16.745,16.745,16.745,NOITE
TRINDADE,CANASVIEIRAS,0,4723,20.514,20.514,20.514,NOITE
COQUEIROS,RESIDENCIAL_NORTE,0,1259,8.21,8.21,8.21,NOITE
PALHOCA_CENTRO,CANASVIEIRAS,0,618,31.421,31.421,31.421,NOITE
PALHOCA_CENTRO,CBD_BEIRAMAR,0,2191,13.225,13.225,13.225,NOITE
CANASVIEIRAS,PALHOCA_CENTRO,0,664,31.421,31.421,31.421,NOITE
CENTRO_HISTORICO,INGLESES,0,1347,23.51,23.51,23.51,NOITE
PALHOCA_PEDRA_BRANCA,SC401_CORREDOR,0,3943,18.427,18.427,18.427,NOITE
COQUEIROS,CENTRO_HISTORICO,0,203,2.72,2.72,2.72,NOITE
VIA_EXPRESSA_CORREDOR,PALHOCA_PEDRA_BRANCA,0,1703,10.852,10.852,10.852,NOITE
SAO_JOSE_BARREIROS,ESTREITO_CAPOEIRAS,0,2188,9.01,9.01,9.01,NOITE
AEROPORTO_HLZ,CENTRO_HISTORICO,0,1252,8.118,8.118,8.118,NOITE
SAO_JOSE_BARREIROS,SC401_CORREDOR,0,1995,16.079,16.079,16.079,NOITE
INGLESES,PALHOCA_PEDRA_BRANCA,0,2810,35.951,35.951,35.951,NOITE
PALHOCA_PEDRA_BRANCA,COQUEIROS,0,461,12.755,12.755,12.755,NOITE
CENTRO_HISTORICO,COQUEIROS,0,245,2.72,2.72,2.72,NOITE
PALHOCA_CENTRO,JURERE,0,1007,28.294,28.294,28.294,NOITE
PALHOCA_PEDRA_BRANCA,TRINDADE,0,3039,15.793,15.793,15.793,NOITE
UFSC,COQUEIROS,0,1062,2.575,2.575,2.575,NOITE
SAO_JOSE_BARREIROS,VIA_EXPRESSA_CORREDOR,0,810,7.435,7.435,7.435,NOITE
CANASVIEIRAS,SAO_JOSE_CENTRO,0,1905,25.223,25.223,25.223,NOITE
TRINDADE,SAO_JOSE_BARREIROS,0,1667,12.609,12.609,12.609,NOITE
SAO_JOSE_CENTRO,PALHOCA_PEDRA_BRANCA,0,1280,7.287,7.287,7.287,NOITE
INGLESES,PALHOCA_CENTRO,0,1392,35.783,35.783,35.783,NOITE
JURERE,CANASVIEIRAS,0,3065,3.398,3.398,3.398,NOITE
VIA_EXPRESSA_CORREDOR,CANASVIEIRAS,0,2450,24.245,24.245,24.245,NOITE
UFSC,SAO_JOSE_BARREIROS,0,1087,11.21,11.21,11.21,NOITE
PALHOCA_CENTRO,RESIDENCIAL_NORTE,0,1276,20.294,20.294,20.294,NOITE
NORTE_ILHA,SAO_JOSE_BARREIROS,0,1446,26.931,26.931,26.931,NOITE
PALHOCA_PEDRA_BRANCA,AEROPORTO_HLZ,0,2392,14.948,14.948,14.948,NOITE
AEROPORTO_HLZ,PALHOCA_CENTRO,0,1254,12.429,12.429,12.429,NOITE
PALHOCA_CENTRO,ESTREITO_CAPOEIRAS,0,2328,10.503,10.503,10.503,NOITE
SAO_JOSE_BARREIROS,BIGUACU_BR101_NORTE,0,843,16.687,16.687,16.687,NOITE
SAO_JOSE_BARREIROS,COQUEIROS,0,217,10.545,10.545,10.545,NOITE
PALHOCA_PEDRA_BRANCA,BIGUACU_BR101_NORTE,0,1692,14.861,14.861,14.861,NOITE
UFSC,CENTRO_HISTORICO,0,1061,0.178,0.178,0.178,NOITE
CANASVIEIRAS,CENTRO_HISTORICO,0,672,20.622,20.622,20.622,NOITE
SAO_JOSE_BARREIROS,RESIDENCIAL_NORTE,0,1204,18.7,18.7,18.7,NOITE
SAO_JOSE_BARREIROS,UFSC,0,998,11.21,11.21,11.21,NOITE
PALHOCA_CENTRO,BIGUACU_BR101_NORTE,0,825,16.745,16.745,16.745,NOITE
PALHOCA_PEDRA_BRANCA,CANASVIEIRAS,0,1244,31.068,31.068,31.068,NOITE
PALHOCA_PEDRA_BRANCA,CENTRO_HISTORICO,0,423,14.314,14.314,14.314,NOITE
COQUEIROS,VIA_EXPRESSA_CORREDOR,0,817,4.339,4.339,4.339,NOITE
CANASVIEIRAS,SAO_JOSE_BARREIROS,0,632,30.223,30.223,30.223,NOITE
PALHOCA_CENTRO,VIA_EXPRESSA_CORREDOR,0,838,9.292,9.292,9.292,NOITE
CENTRO_HISTORICO,SAO_JOSE_CENTRO,0,633,7.028,7.028,7.028,NOITE
PALHOCA_CENTRO,NORTE_ILHA,0,1354,28.406,28.406,28.406,NOITE
INGLESES,CENTRO_HISTORICO,0,1342,23.51,23.51,23.51,NOITE
CENTRO_HISTORICO,CANASVIEIRAS,0,634,20.622,20.622,20.622,NOITE
SAO_JOSE_BARREIROS,PALHOCA_CENTRO,0,209,1.97,1.97,1.97,NOITE
RESIDENCIAL_NORTE,COQUEIROS,0,1279,8.21,8.21,8.21,NOITE
PALHOCA_CENTRO,SAO_JOSE_BARREIROS,0,217,1.97,1.97,1.97,NOITE
SAO_JOSE_BARREIROS,JURERE,0,949,27.172,27.172,27.172,NOITE
VIA_EXPRESSA_CORREDOR,COQUEIROS,0,844,4.339,4.339,4.339,NOITE
BIGUACU_BR101_NORTE,COQUEIROS,0,821,12.799,12.799,12.799,NOITE
PALHOCA_PEDRA_BRANCA,PALHOCA_CENTRO,0,417,2.971,2.971,2.971,NOITE
PALHOCA_CENTRO,TRINDADE,0,1566,14.446,14.446,14.446,NOITE
PALHOCA_PEDRA_BRANCA,INGLESES,0,2693,35.951,35.951,35.951,NOITE
SAO_JOSE_BARREIROS,CANASVIEIRAS,0,662,30.223,30.223,30.223,NOITE
CENTRO_HISTORICO,VIA_EXPRESSA_CORREDOR,0,835,4.045,4.045,4.045,NOITE
AEROPORTO_HLZ,COQUEIROS,0,1310,10.044,10.044,10.044,NOITE
SAO_JOSE_CENTRO,PALHOCA_CENTRO,0,623,6.434,6.434,6.434,NOITE
BIGUACU_BR101_NORTE,SAO_JOSE_BARREIROS,0,787,16.687,16.687,16.687,NOITE
TRINDADE,CENTRO_HISTORICO,0,1628,1.66,1.66,1.66,NOITE
SAO_JOSE_BARREIROS,CENTRO_HISTORICO,0,198,11.361,11.361,11.361,NOITE
RESIDENCIAL_NORTE,PALHOCA_CENTRO,0,1307,20.294,20.294,20.294,NOITE
PALHOCA_PEDRA_BRANCA,SAO_JOSE_BARREIROS,0,425,4.525,4.525,4.525,NOITE
PALHOCA_CENTRO,AEROPORTO_HLZ,0,1202,12.429,12.429,12.429,NOITE
PALHOCA_CENTRO,PALHOCA_PEDRA_BRANCA,0,411,2.971,2.971,2.971,NOITE
CENTRO_HISTORICO,PALHOCA_CENTRO,0,213,13.133,13.133,13.133,NOITE
PALHOCA_CENTRO,COQUEIROS,0,215,12.089,12.089,12.089,NOITE
SAO_JOSE_BARREIROS,PALHOCA_PEDRA_BRANCA,0,433,4.525,4.525,4.525,NOITE
PALHOCA_CENTRO,CENTRO_HISTORICO,0,232,13.133,13.133,13.133,NOITE
SAO_JOSE_BARREIROS,SAO_JOSE_CENTRO,0,561,5.008,5.008,5.008,NOITE
CENTRO_HISTORICO,UFSC,0,953,0.178,0.178,0.178,NOITE
CANASVIEIRAS,COQUEIROS,0,615,20.051,20.051,20.051,NOITE
SAO_JOSE_CENTRO,COQUEIROS,0,660,5.663,5.663,5.663,NOITE
COQUEIROS,SAO_JOSE_BARREIROS,0,233,10.545,10.545,10.545,NOITE
CENTRO_HISTORICO,SAO_JOSE_BARREIROS,0,187,11.361,11.361,11.361,NOITE
COQUEIROS,SAO_JOSE_CENTRO,0,592,5.663,5.663,5.663,NOITE
PALHOCA_CENTRO,SAO_JOSE_CENTRO,0,656,6.434,6.434,6.434,NOITE
COQUEIROS,PALHOCA_CENTRO,0,237,12.089,12.089,12.089,NOITE
